案件ID,登録日,担当者,顧客ID,会社名,商材名,フェーズ,確度ランク,売上（単価）,費用（単価）,コース数,件数,月数,売上予定額,費用（合計）,粗利,インセンティブ,売上予定月,入金ステータス,入金確認日,メモ,引継担当者,引継日
DEAL-20260419-IV34,2024-01-26,湯川,,株式会社ＳＣＯＴＳＭＡＮ,社労士顧問,提案,決定,22000,0,1,1,9,198000,0,198000,0,2025-08,入金済み,,,,
DEAL-20260419-U5U6,2024-01-26,米替,,藤口工業,社労士顧問,提案,決定,22000,0,1,1,9,198000,0,198000,0,2025-08,入金済み,,,,
DEAL-20260419-2LI7,2024-09-10,,,合同会社ＯＮＣＬＯＵＤ,社労士顧問,提案,決定,48400,0,1,1,2,96800,0,96800,0,2025-08,入金済み,,,,
DEAL-20260419-OPX5,2025-04-08,,,株式会社アシスト,社労士顧問,提案,決定,24667,0,1,1,9,222003,0,222003,0,2025-08,入金済み,,,,
DEAL-20260419-WT0Q,2025-04-08,,,株式会社ライズ,社労士顧問,提案,決定,27527,0,1,1,9,247746,0,247746,0,2025-08,入金済み,,,,
DEAL-20260419-SBBA,2024-10-22,,,株式会社ビッグアセット,社労士顧問,提案,決定,33000,0,1,1,9,297000,0,297000,0,2025-08,入金済み,,,,
DEAL-20260419-JONE,2024-01-26,狩谷,,株式会社ＫＪＦ,社労士顧問,提案,決定,55929,0,1,1,9,503360,0,503360,0,2025-08,入金済み,,,,
DEAL-20260419-XWDU,2024-05-15,湯川（鈴木）,,株式会社　　ＭＳ．ＸＰＬＡＮＮＩＮＧ,社労士顧問,提案,決定,82744,0,1,1,9,744700,0,744700,0,2025-08,入金済み,,,,
DEAL-20260419-9URR,2024-09-10,,,株式会社ＷＥＣＡＲＳ,社労士顧問,提案,決定,1465811,0,1,1,9,13192300,0,13192300,0,2025-08,入金済み,,,,
DEAL-20260419-WD47,2024-11-28,,,りんく,人材開発,提案,決定,255255,0,1,1,5,1276274,0,1276274,0,2025-08,入金済み,,人への投資,,
DEAL-20260419-BVO5,2024-11-28,,,ライフライン,人材開発,提案,決定,1613790,0,1,1,5,8068952,0,8068952,0,2025-08,入金済み,,人への投資,,
DEAL-20260419-DPT3,2023-10-06,磯崎,,株式会社FTGフーズ,その他,提案,決定,50561,0,1,1,3,151684,0,151684,0,2025-09,入金済み,,産業医紹介（隔月実施）,,
DEAL-20260419-7YBJ,2023-10-06,磯崎,,クラフトバンク株式会社,その他,提案,決定,70864,0,1,1,7,496050,0,496050,0,2025-08,入金済み,,産業医紹介（毎月実施）,,
DEAL-20260419-S6QB,2024-10-18,,,リタクラウド株式会社,その他,提案,決定,300000,0,1,1,8,2400000,0,2400000,0,2025-08,入金済み,,戻入,,
DEAL-20260419-HXQC,2024-09-11,,,浪速運送株式会社,その他,提案,決定,10600,0,1,1,5,53000,0,53000,0,2025-08,入金済み,,AFC顧問契約,,
DEAL-20260419-HXDH,2025-01-22,,,株式会社Ms.Xplanning,Time-R,提案,決定,1794,0,1,1,7,12560,0,12560,0,2025-08,未入金,,,,
DEAL-20260419-U6HB,2025-01-22,,,株式会社Budscene,Time-R,提案,決定,1200,0,1,1,7,8400,0,8400,0,2025-08,未入金,,,,
DEAL-20260419-WBJJ,2025-05-09,,,横浜ベイクォータークリニック,社労士顧問,提案,決定,58300,0,1,1,6,349800,0,349800,0,2025-08,入金済み,,,,
DEAL-20260419-VUDY,2025-08-08,,,株式会社テクノシンセイ,両立支援,提案,決定,156048,0,1,1,2,312097,0,312097,0,2025-08,入金済み,,"両立支援等助成金（育児休業）復帰時　成功報酬　西本様,両立支援等助成金（育児休業）代替支援　成功報酬　西本様,消費税",,
DEAL-20260419-GZ7P,2025-08-08,,,株式会社ＳＴＥＰ,その他,提案,決定,21450,0,1,1,1,21450,0,21450,0,2025-08,入金済み,,"雇用保険加入（松岡様）,社会保険加入（松岡様）,消費税",,
DEAL-20260419-2T2K,2025-08-08,,,ネスグローバル株式会社,社労士顧問,提案,決定,80438,0,1,1,8,643500,0,643500,0,2025-08,入金済み,,"５月顧問料,６月顧問料,消費税",,
DEAL-20260419-0IHS,2025-08-08,,,カーサファミリークリニック,その他,提案,決定,166238,0,1,1,2,332475,0,332475,0,2025-08,入金済み,,"開業支援パック,消費税",,
DEAL-20260419-5UE4,2025-08-08,,,株式会社ＣＢＣコミュニケーションズ,人材開発,提案,決定,321750,0,1,1,2,643499,0,643499,0,2025-08,入金済み,,"人材開発支援助成金（リスキリングコース）初期報酬　,消費税",,
DEAL-20260419-CWIH,2025-08-29,鈴木,,ラヴァンド,IT導入,提案,決定,300000,0,1,1,1,300000,0,300000,0,2025-08,入金済み,,8月末グローアップ社労士法人案件紹介料,,
DEAL-20260419-FDRZ,2025-09-08,,,株式会社ＮＢＩ,その他,提案,決定,107250,0,1,1,1,107250,0,107250,0,2025-09,入金済み,,"社会保険　新規適用届,雇用保険　新規設置,消費税",,
DEAL-20260419-6PZ1,2025-09-08,,,株式会社ＬＵＸＥ,その他,提案,決定,10725,0,1,1,1,10725,0,10725,0,2025-09,入金済み,,"３６協定作成・届出費用,消費税",,
DEAL-20260419-2A1G,2025-09-29,鈴木,,ラヴァンド,IT導入,提案,決定,150000,0,1,1,1,150000,0,150000,0,2025-09,入金済み,,9月末グローアップ社労士法人案件紹介料,,
DEAL-20260419-MLRF,2025-09-29,,,谷本食品株式会社,キャリアアップ,提案,決定,128700,0,1,1,2,257400,0,257400,0,2025-09,入金済み,,,,
DEAL-20260419-Y1YT,2025-10-08,,,浅場塗装株式会社,その他,提案,決定,10725,0,1,1,1,10725,0,10725,0,2025-10,入金済み,,"３６協定作成・届出費用,消費税",,
DEAL-20260419-SGK9,2025-10-08,,,医療法人社団翼会　ＭＩ総合歯科クリニック,人材開発,提案,決定,134562,0,1,1,2,269125,0,269125,0,2025-10,入金済み,,,,
DEAL-20260419-86AV,2025-10-08,,,Ｃｒｅｄｏ　Ｃｌｉｎｉｃ新宿,キャリアアップ,提案,決定,64350,0,1,1,1,64350,0,64350,0,2025-10,入金済み,,,,
DEAL-20260419-6A30,2025-10-08,,,株式会社伴野商事,キャリアアップ,提案,決定,64350,0,1,1,1,64350,0,64350,0,2025-10,入金済み,,初期報酬,,
DEAL-20260419-FFYC,2025-10-08,,,ホワイトエッセンス株式会社,人材開発,提案,決定,535489,0,1,1,1,535489,0,535489,0,2025-10,入金済み,,,,
DEAL-20260419-L69A,2025-10-08,,,医療法人社団雅量会　岡村内科医院,社労士顧問,提案,決定,62818,0,1,1,7,439725,0,439725,0,2025-10,入金済み,,,,
DEAL-20260419-5F2N,2025-11-10,,,株式会社タイハク,人材開発,提案,決定,129772,0,1,1,2,259545,0,259545,0,2025-10,入金済み,,,,
DEAL-20260419-M2XC,2025-11-26,,,ラヴァンド,IT導入,提案,決定,300000,0,1,1,1,300000,0,300000,0,2025-11,入金済み,,11月末グローアップ社労士法人案件,,
DEAL-20260419-DXMK,2025-11-28,,,株式会社アクトプロ,家賃交渉,提案,決定,48308,0,1,1,2,96616,0,96616,0,2025-11,入金済み,,,,
DEAL-20260419-IFC3,2025-11-28,,,アドバンテッジリスクマネジメント,その他,提案,決定,14768,0,1,1,2,29535,0,29535,0,2025-11,入金済み,,テキカク,,
DEAL-20260419-C715,2025-12-09,,,医療法人社団翼会　ＭＩ総合歯科クリニック,キャリアアップ,提案,決定,320856,0,1,1,3,962569,0,962569,0,2025-12,入金済み,,,,
DEAL-20260419-R5K8,2025-12-09,,,株式会社Ｋ２Ｂ２,その他,提案,決定,10725,0,1,1,1,10725,0,10725,0,2025-12,入金済み,,"３６協定作成・届出費用,消費税",,
DEAL-20260419-Z6OR,2025-12-09,,,ＧＵＣＨＹ　ｍｅｄｉｃａｌ　ｏｆｆｉｃｅ合同会社,その他,提案,決定,42900,0,1,1,1,42900,0,42900,0,2025-12,入金済み,,"労働保険概算・確定保険料申告書（年度更新）,被保険者報酬月額算定基礎届,消費税",,
DEAL-20260419-96BB,2025-12-09,,,Ｍ２Ｈ２Ｓ株式会社,その他,提案,決定,10725,0,1,1,1,10725,0,10725,0,2025-12,入金済み,,"雇用保険・社会保険加入・労働条件通知書作成,消費税",,
DEAL-20260419-UDHX,2025-12-24,,,ラヴァンド,IT導入,提案,決定,200000,0,1,1,1,200000,0,200000,0,2025-12,入金済み,,12月末グローアップ社 紹介料,,
DEAL-20260419-4J8N,2026-01-08,,,浅場塗装株式会社,その他,提案,決定,32175,0,1,1,1,32175,0,32175,0,2026-01,入金済み,,,,
DEAL-20260419-DLLP,2026-01-28,,,ラヴァンド・SSP,IT導入,提案,決定,150000,0,1,1,1,150000,0,150000,0,2026-01,入金済み,,1月末グローアップ社 紹介料,,
DEAL-20260419-A49Q,2026-02-09,,,元寺町いわはし歯科クリニック,社労士顧問,提案,決定,102960,0,1,1,1,102960,0,102960,0,2026-02,入金済み,,,,
DEAL-20260419-LH4C,2026-03-05,,,ラヴァンド・SSP,IT導入,提案,決定,120000,0,1,1,1,120000,0,120000,0,2026-02,入金済み,,2月末グローアップ社 紹介料,,
DEAL-20260419-XDJN,2026-03-06,,,2月入金分,その他,提案,決定,913679,0,1,1,1,913679,0,913679,0,2026-02,入金済み,,営業メンバーの案件でないものを合算しています。,,
DEAL-20260419-RJDY,2026-03-09,,,株式会社ＫＪＦ,両立支援,提案,決定,53625,0,1,1,1,53625,0,53625,0,2026-03,入金済み,,"両立支援等助成金（育児休業等支援コース）第一種　成功報酬　　紺野様,消費税",,
DEAL-20260419-BHUE,2026-03-09,,,株式会社Ｉ．Ｃ．Ｇ．ｅｌｉｔｅ,人材開発,提案,決定,48262,0,1,1,1,48262,0,48262,0,2026-03,入金済み,,"人材開発支援助成金（リスキリングコース）初期報酬,消費税",,
DEAL-20260419-TIYF,2026-03-30,,,株式会社ラヴァンド,IT導入,提案,決定,200000,0,1,1,1,200000,0,200000,0,2026-03,入金済み,,3月末グローアップ社 紹介料,,
DEAL-20260419-68YI,2023-09-15,湯川,,和光産業,人材定着支援（保健室）,提案,決定,13325,0,1,1,8,106600,0,106600,0,2025-08,入金済み,,,,
DEAL-20260419-8H8P,2024-11-11,佐々木,,霧しな,健康管理（保健室）,提案,決定,42495,0,1,1,8,339960,0,339960,0,2025-08,入金済み,,,,
DEAL-20260419-KLDO,2023-08-24,鈴木,,日塗化学株式会社,健康管理（保健室）,提案,決定,32325,0,1,1,8,258600,0,258600,0,2025-08,入金済み,,30名スタンダード,,
DEAL-20260419-TFD3,2023-09-15,湯川,,精功社,健康管理（保健室）,提案,決定,15375,0,1,1,8,123000,0,123000,0,2025-08,入金済み,,,,
DEAL-20260419-F8N2,2024-07-25,鈴木,,社会福祉法人聖徳会,健康管理（保健室）,提案,決定,1067000,0,1,1,1,1067000,0,1067000,0,2025-10,入金済み,,初回ＭＴＧ,,
DEAL-20260419-KU6Q,2023-09-15,湯川,,皇蘭,健康管理（保健室）,提案,決定,29825,0,1,1,4,119300,0,119300,0,2025-08,入金済み,,,,
DEAL-20260419-B5D4,,佐々木,,金澤英,,提案,決定,10458,0,1,1,6,62750,0,62750,0,2025-08,入金済み,,,,
DEAL-20260419-PLU3,2023-09-15,湯川,,阿部紙業,健康管理（保健室）,提案,決定,18450,0,1,1,8,147600,0,147600,0,2025-08,入金済み,,,,
DEAL-20260419-YGO0,2025-04-01,湯川,,ヤンマービジネスサービス,健康管理（保健室）,提案,決定,308856,0,1,1,7,2161990,0,2161990,0,2025-08,入金済み,,,,
DEAL-20260419-S024,2025-05-01,湯川,,ヤンマーエネルギーシステム,健康管理（保健室）,提案,決定,194658,0,1,1,7,1362607,0,1362607,0,2025-08,入金済み,,,,
DEAL-20260419-D4SL,2024-05-02,田中,,ヤマダ,就業判定（保健室OP）,提案,決定,10871,0,1,1,7,76100,0,76100,0,2025-08,入金済み,,,,
DEAL-20260419-PGJU,2023-09-15,湯川,,ヤマダ,健康管理（保健室）,提案,決定,32756,0,1,1,8,262050,0,262050,0,2025-08,入金済み,,,,
DEAL-20260419-DQZR,2024-05-02,鈴木,,ビジョンクリエイツ,健康管理（保健室）,提案,決定,22938,0,1,1,8,183500,0,183500,0,2025-08,入金済み,,,,
DEAL-20260419-OLJQ,2023-09-15,湯川,,ハート介護,人材定着支援（保健室）,提案,決定,5467,0,1,1,3,16400,0,16400,0,2025-11,入金済み,,実施分の請求（7、8月分の相殺必要）,,
DEAL-20260419-RNYZ,2024-11-07,鈴木,,ダイレクトメッセンジャー,健康管理（保健室）,提案,決定,9414,0,1,1,7,65900,0,65900,0,2025-08,入金済み,,,,
DEAL-20260419-PZ25,2024-10-01,湯川,,スリーエフコーポレーション,健康管理（保健室）,提案,決定,29725,0,1,1,8,237800,0,237800,0,2025-08,入金済み,,,,
DEAL-20260419-TE7C,2023-09-15,湯川,,じょぶれい年12回コール,人材定着支援（保健室）,提案,決定,58188,0,1,1,8,465500,0,465500,0,2025-08,入金済み,,,,
DEAL-20260419-5YPI,2023-09-15,湯川,,じょぶれい年6回コール,人材定着支援（保健室）,提案,決定,53469,0,1,1,8,427750,0,427750,0,2025-08,入金済み,,,,
DEAL-20260419-RLM3,2023-09-15,湯川,,じょぶれい年4回コール,人材定着支援（保健室）,提案,決定,26050,0,1,1,8,208400,0,208400,0,2025-08,入金済み,,,,
DEAL-20260419-QHJQ,2023-09-15,湯川,,じょぶれい年2回コール,人材定着支援（保健室）,提案,決定,61738,0,1,1,8,493900,0,493900,0,2025-08,入金済み,,,,
DEAL-20260419-5I5P,2023-09-15,湯川,,じょぶれい,人材定着支援（保健室）,提案,決定,201825,0,1,1,8,1614600,0,1614600,0,2025-08,入金済み,,,,
DEAL-20260419-KV84,2023-09-15,湯川,,サミットスチール,人材定着支援（保健室）,提案,決定,40667,0,1,1,3,122000,0,79000,0,2025-08,入金済み,,,,
DEAL-20260419-ENM7,2023-09-15,湯川,,カクエイ,健康管理（保健室）,提案,決定,7457,0,1,1,7,52200,0,52200,0,2025-08,入金済み,,,,
DEAL-20260419-7Q8N,2024-06-22,箕輪,,アースホールディングス,就業判定（保健室OP）,提案,決定,7000,0,1,1,2,14000,0,14000,0,2025-08,入金済み,,,,
DEAL-20260419-P5K7,2023-09-15,湯川,,ヤンマーエネルギーシステム,定期健康診断後追い（保健室）,提案,C,387489,0,1,1,1,387489,0,387489,0,2026-06,未入金,,,,
DEAL-20260419-0X7A,2023-09-21,湯川,,グリーンズ,健康管理（保健室）,提案,決定,833910,0,1,1,1,833910,0,833910,0,2026-03,入金済み,,事例提供。導入は2025年にシステムとともに導入される。,,
DEAL-20260419-2ER8,2024-11-07,鈴木,,BEメッセンジャー,健康管理（保健室）,提案,決定,10500,0,1,1,8,84000,0,84000,0,2025-08,入金済み,,,,
DEAL-20260419-ORK0,2025-10-09,鈴木,,株式会社ゴライアス,ストレスチェック,提案,決定,21120,0,1,1,1,21120,0,21120,0,2026-02,入金済み,,65名,,
DEAL-20260419-1VH2,2025-10-29,鈴木,,株式会社LAGOON,ストレスチェック,提案,決定,24420,0,1,1,1,24420,0,24420,0,2026-03,入金済み,,75名,,
DEAL-20260419-44K2,2025-12-26,湯川,,浪速運送,ストレスチェック,提案,決定,335400,0,1,1,1,335400,0,335400,0,2025-12,入金済み,,1118名,,
DEAL-20260419-HSQY,2026-01-05,,,株式会社根本総業,健康管理（保健室）,提案,決定,6928,0,1,1,2,13856,0,13856,0,2025-12,入金済み,,,,
DEAL-20260419-W9A0,2026-03-11,,,有限会社風間車輛販売,健康管理（保健室）,提案,決定,9900,0,1,1,1,9900,0,9900,0,2026-03,入金済み,,,,
DEAL-20260419-7ZMD,2024-11-15,坂井竜世,,株式会社アイレグループ,,提案,決定,80437,0,1,1,1,80437,0,80437,0,2025-09,入金済み,,,,
DEAL-20260419-DJ2K,2024-11-25,坂井竜世,,株式会社やさい村大地,,提案,決定,73125,0,1,1,2,146250,0,146250,0,2025-10,入金済み,,,,
DEAL-20260419-IPFS,2024-12-23,坂井竜世,,Ａｓｓｉ－ＳＴ株式会社,,提案,決定,105300,0,1,1,1,105300,0,105300,0,2025-09,入金済み,,,,
DEAL-20260419-AKL7,2024-12-23,坂井竜世,,エントライズ株式会社,,提案,決定,93600,0,1,1,1,93600,0,93600,0,2025-08,入金済み,,,,
DEAL-20260419-05SU,2024-12-23,坂井竜世,,エントライズ株式会社,,提案,決定,93600,0,1,1,1,93600,0,93600,0,2025-09,入金済み,,,,
DEAL-20260419-ED0G,2025-01-08,坂井竜世,,株式会社東温モータース,,提案,決定,58500,0,1,1,1,58500,0,58500,0,2025-10,入金済み,,,,
DEAL-20260419-SO8O,2025-01-08,坂井竜世,,株式会社東温モータース,,提案,決定,58500,0,1,1,1,58500,0,58500,0,2025-10,入金済み,,,,
DEAL-20260419-76WQ,2025-01-24,坂井竜世,,株式会社ECRU COLOR,,提案,決定,159900,0,1,1,1,159900,0,159900,0,2026-04,入金済み,,,,
DEAL-20260419-CWFH,2025-01-28,坂井竜世,,株式会社アーバントライング,,提案,決定,81900,0,1,1,1,81900,0,81900,0,2025-09,入金済み,,,,
DEAL-20260419-Z152,2025-01-28,坂井竜世,,株式会社アーバントライング,,提案,決定,81900,0,1,1,1,81900,0,81900,0,2025-09,入金済み,,,,
DEAL-20260419-3NY8,2025-01-28,坂井竜世,,株式会社ハイヤー,,提案,決定,58500,0,1,1,1,58500,0,58500,0,2025-09,入金済み,,,,
DEAL-20260419-8ALB,2025-01-28,坂井竜世,,株式会社ハイヤー,,提案,決定,58500,0,1,1,1,58500,0,58500,0,2025-09,入金済み,,,,
DEAL-20260419-GT3N,2025-01-28,坂井竜世,,株式会社趣味職人,,提案,決定,70200,0,1,1,1,70200,0,70200,0,2025-09,入金済み,,,,
DEAL-20260419-AZGR,2025-01-28,坂井竜世,,株式会社趣味職人,,提案,決定,70200,0,1,1,1,70200,0,70200,0,2025-09,入金済み,,,,
DEAL-20260419-3GX0,2025-01-28,坂井竜世,,株式会社翆蓬,,提案,決定,152100,0,1,1,1,152100,0,152100,0,2025-08,入金済み,,,,
DEAL-20260419-UYIK,2025-01-28,坂井竜世,,株式会社翆蓬,,提案,決定,152100,0,1,1,1,152100,0,152100,0,2025-08,入金済み,,,,
DEAL-20260419-ATGZ,2025-01-28,坂井竜世,,株式会社翆蓬,,提案,決定,152100,0,1,1,1,152100,0,152100,0,2025-11,入金済み,,,,
DEAL-20260419-AQDI,2025-01-28,坂井竜世,,社会福祉法人千歳会,,提案,決定,936000,0,1,1,1,936000,0,936000,0,2025-08,入金済み,,,,
DEAL-20260419-EYGH,2025-01-31,坂井竜世,,株式会社桃美,人材開発,提案,決定,160875,0,1,1,2,321750,0,321750,0,2025-09,入金済み,,,,
DEAL-20260419-U6XH,2025-02-13,坂井竜世,,異人館,人材開発,提案,決定,990000,792000,1,1,1,990000,792000,148500,0,2026-03,入金済み,,,,
DEAL-20260419-YP5R,2025-02-13,坂井竜世,,異人館,人材開発,提案,決定,990000,792000,1,1,1,990000,792000,178200,0,2026-03,入金済み,,,,
DEAL-20260419-4AD1,2025-02-13,坂井竜世,,異人館,人材開発,提案,決定,35100,0,1,1,1,35100,0,35100,0,2025-10,入金済み,,,,
DEAL-20260419-0QUS,2025-02-13,坂井竜世,,異人館,人材開発,提案,決定,35100,0,1,1,1,35100,0,35100,0,2025-10,入金済み,,,,
DEAL-20260419-B71B,2025-02-13,坂井竜世,,株式会社アイディーシーグループ,人材開発,提案,決定,175500,0,1,1,1,175500,0,175500,0,2025-10,入金済み,,,,
DEAL-20260419-ABWG,2025-02-13,坂井竜世,,株式会社アイディーシーグループ,人材開発,提案,決定,175500,0,1,1,1,175500,0,175500,0,2025-10,入金済み,,,,
DEAL-20260419-994T,2025-02-14,坂井竜世,,中和エフ・エル株式会社,人材開発,提案,決定,257400,0,1,1,1,257400,0,257400,0,2026-03,入金済み,,,,
DEAL-20260419-AUXR,2025-02-14,坂井竜世,,VIVOA,人材開発,提案,決定,64350,0,1,1,1,64350,0,64350,0,2025-08,入金済み,,,,
DEAL-20260419-4G3P,2025-02-14,坂井竜世,,株式会社日本ブレーン,人材開発,提案,決定,58500,0,1,1,1,58500,0,58500,0,2025-09,入金済み,,,,
DEAL-20260419-MIEE,2025-02-14,坂井竜世,,株式会社日本ブレーン,人材開発,提案,決定,58500,0,1,1,1,58500,0,58500,0,2025-09,入金済み,,,,
DEAL-20260419-YKMD,2025-02-14,坂井竜世,,中和エフ・エル株式会社,人材開発,提案,決定,257400,0,1,1,1,257400,0,257400,0,2025-09,入金済み,,,,
DEAL-20260419-RZPH,2025-02-14,坂井竜世,,中和エフ・エル株式会社,人材開発,提案,決定,257400,0,1,1,1,257400,0,257400,0,2025-09,入金済み,,,,
DEAL-20260419-KRBK,2025-02-14,坂井竜世,,中和エフ・エル株式会社,人材開発,提案,決定,257400,0,1,1,1,257400,0,257400,0,2025-11,入金済み,,,,
DEAL-20260419-LX2J,2025-02-19,坂井竜世,,株式会社North Village,人材開発,提案,決定,46800,0,1,1,1,46800,0,46800,0,2025-10,入金済み,,,,
DEAL-20260419-C2DZ,2025-02-19,坂井竜世,,株式会社North Village,人材開発,提案,決定,46800,0,1,1,1,46800,0,46800,0,2025-08,入金済み,,,,
DEAL-20260419-2MPU,2025-02-19,坂井竜世,,株式会社マンクンカンクン,人材開発,提案,決定,46800,0,1,1,1,46800,0,46800,0,2025-08,入金済み,,,,
DEAL-20260419-3P4A,2025-02-19,坂井竜世,,株式会社マンクンカンクン,人材開発,提案,決定,46800,0,1,1,1,46800,0,46800,0,2025-08,入金済み,,,,
DEAL-20260419-NSF6,2025-02-20,坂井竜世,,ライズ・ステージ株式会社,人材開発,提案,決定,48798,0,1,1,2,97597,0,97597,0,2025-08,入金済み,,,,
DEAL-20260419-HRI0,2025-02-20,坂井竜世,,ライズ・ステージ株式会社,人材開発,提案,決定,96525,0,1,1,1,96525,0,96525,0,2025-08,入金済み,,,,
DEAL-20260419-7IIC,2025-02-20,坂井竜世,,ロータスフラワー株式会社,人材開発,提案,決定,160874,0,1,1,2,321749,0,321749,0,2025-08,入金済み,,,,
DEAL-20260419-T2JX,2025-02-26,坂井竜世,,株式会社ＹＳＤ,人材開発,提案,決定,160875,0,1,1,3,482624,0,482624,0,2025-10,入金済み,,,,
DEAL-20260419-8BQT,2025-02-27,坂井竜世,,れすとらん　つきみち,人材開発,提案,決定,35100,0,1,1,1,35100,0,35100,0,2025-10,入金済み,,,,
DEAL-20260419-ES7P,2025-02-27,坂井竜世,,れすとらん　つきみち,人材開発,提案,決定,35100,0,1,1,1,35100,0,35100,0,2025-10,入金済み,,,,
DEAL-20260419-FOBD,2025-02-27,坂井竜世,,れすとらん　つきみち,人材開発,提案,決定,990000,792000,1,1,1,990000,792000,198000,0,2025-12,入金済み,,,,
DEAL-20260419-4WKP,2025-02-27,坂井竜世,,れすとらん　つきみち,人材開発,提案,決定,990000,792000,1,1,1,990000,792000,178200,0,2025-12,入金済み,,,,
DEAL-20260419-MA75,2025-02-27,坂井竜世,,株式会社UNOKOU,人材開発,提案,決定,81900,0,1,1,1,81900,0,81900,0,2025-10,入金済み,,,,
DEAL-20260419-VJGI,2025-02-27,坂井竜世,,株式会社UNOKOU,人材開発,提案,決定,81900,0,1,1,1,81900,0,81900,0,2025-10,入金済み,,,,
DEAL-20260419-72LH,2025-02-28,坂井竜世,,株式会社名古屋城最中本家,人材開発,提案,決定,35100,0,1,1,1,35100,0,35100,0,2025-08,入金済み,,,,
DEAL-20260419-W2PK,2025-03-02,坂井竜世,,株式会社名古屋城最中本家,人材開発,提案,決定,35100,0,1,1,1,35100,0,35100,0,2025-08,入金済み,,,,
DEAL-20260419-H0M2,2025-03-04,坂井竜世,,株式会社ストーン・フィールド,人材開発,提案,決定,160874,0,1,1,2,321749,0,321749,0,2025-08,入金済み,,,,
DEAL-20260419-S781,2025-03-14,坂井竜世,,株式会社くませれ,人材開発,提案,決定,990000,792000,1,1,1,990000,792000,148500,0,2026-04,未入金,,,,
DEAL-20260419-0FQU,2025-03-14,坂井竜世,,株式会社くませれ,人材開発,提案,決定,990000,792000,1,1,1,990000,792000,178200,0,2026-04,未入金,,,,
DEAL-20260419-MAIR,2025-03-14,坂井竜世,,株式会社くませれ,人材開発,提案,決定,35100,0,1,1,1,35100,0,35100,0,2025-08,入金済み,,,,
DEAL-20260419-Z2KY,2025-03-14,坂井竜世,,株式会社くませれ,人材開発,提案,決定,35100,0,1,1,1,35100,0,35100,0,2025-08,入金済み,,,,
DEAL-20260419-4L2O,2025-03-27,坂井竜世,,株式会社プロバイドジャパン,人材開発,提案,決定,46800,0,1,1,1,46800,0,46800,0,2025-08,入金済み,,,,
DEAL-20260419-2U1A,2025-03-27,坂井竜世,,株式会社プロバイドジャパン,人材開発,提案,決定,46800,0,1,1,1,46800,0,46800,0,2025-08,入金済み,,,,
DEAL-20260419-6ZHL,2025-04-11,坂井竜世,,株式会社Steady,人材開発,提案,決定,193050,0,1,1,1,193050,0,193050,0,2025-08,入金済み,,,,
DEAL-20260419-UE6D,2025-04-18,坂井竜世,,ワールド工業株式会社,人材開発,提案,決定,70200,0,1,1,1,70200,0,70200,0,2025-08,入金済み,,,,
DEAL-20260419-0KN0,2025-04-18,坂井竜世,,ワールド工業株式会社,人材開発,提案,決定,70200,0,1,1,1,70200,0,70200,0,2025-08,入金済み,,,,
DEAL-20260419-JGEF,2025-04-18,坂井竜世,,有限会社ＡＣＥ,人材開発,提案,決定,97500,0,1,1,2,195000,0,195000,0,2025-08,入金済み,,,,
DEAL-20260419-EK0C,2025-04-18,坂井竜世,,有限会社ＡＣＥ,人材開発,提案,決定,81900,0,1,1,1,81900,0,81900,0,2025-08,入金済み,,,,
DEAL-20260419-WGLL,2025-04-25,坂井竜世,,株式会社Lulal,人材開発,提案,決定,4290000,3432000,1,1,1,4290000,3432000,643500,0,2026-04,未入金,,,,
DEAL-20260419-KOCK,2025-04-25,坂井竜世,,株式会社Lulal,人材開発,提案,決定,4290000,3432000,1,1,1,4290000,3432000,772200,0,2026-04,未入金,,,,
DEAL-20260419-GSAY,2025-04-28,坂井竜世,,GES Japan株式会社,,提案,決定,46800,0,1,1,1,46800,0,46800,0,2025-10,入金済み,,,,
DEAL-20260419-TTKM,2025-04-28,坂井竜世,,GES Japan株式会社,,提案,決定,46800,0,1,1,1,46800,0,46800,0,2025-10,入金済み,,,,
DEAL-20260419-FCOB,2025-04-28,坂井竜世,,GES Japan株式会社,,提案,決定,1320000,1056000,1,1,1,1320000,1056000,237600,0,2025-09,入金済み,,,,
DEAL-20260419-8A0Q,2025-04-28,坂井竜世,,GES Japan株式会社,,提案,決定,1320000,1056000,1,1,1,1320000,1056000,264000,0,2025-08,入金済み,,,,
DEAL-20260419-J9TF,2025-05-02,坂井竜世,,キャリアスタート株式会社,,提案,決定,117000,0,1,1,1,117000,0,117000,0,2025-09,入金済み,,,,
DEAL-20260419-7SW1,2025-05-02,坂井竜世,,キャリアスタート株式会社,,提案,決定,117000,0,1,1,1,117000,0,117000,0,2025-09,入金済み,,,,
DEAL-20260419-4816,2025-05-02,坂井竜世,,株式会社グッドハウス,,提案,決定,46800,0,1,1,1,46800,0,46800,0,2025-08,入金済み,,,,
DEAL-20260419-RMAF,2025-05-02,坂井竜世,,株式会社グッドハウス,,提案,決定,46800,0,1,1,1,46800,0,46800,0,2025-09,入金済み,,,,
DEAL-20260419-08BH,2025-05-15,坂井竜世,,株式会社KSP･EAST,,提案,決定,93600,0,1,1,1,93600,0,93600,0,2025-10,入金済み,,,,
DEAL-20260419-FF44,2025-05-15,坂井竜世,,株式会社KSP･EAST,,提案,決定,256667,205333,1,1,6,1540000,1232000,308000,0,2025-08,入金済み,,,,
DEAL-20260419-SJ7G,2025-05-26,坂井竜世,,株式会社CURRENT,,提案,決定,152100,0,1,1,1,152100,0,152100,0,2025-10,入金済み,,,,
DEAL-20260419-5M3I,2025-05-26,坂井竜世,,株式会社CURRENT,,提案,決定,152100,0,1,1,1,152100,0,152100,0,2025-08,入金済み,,,,
DEAL-20260419-7CST,2025-06-16,坂井竜世,,有限会社ミツル建興,,提案,決定,101400,0,1,1,1,101400,0,101400,0,2026-04,入金済み,,,,
DEAL-20260419-R7EI,2025-06-23,坂井竜世,,株式会社ASホールディングス,,提案,決定,160875,0,1,1,1,160875,0,160875,0,2025-10,入金済み,,,,
DEAL-20260419-LFZB,2025-06-23,坂井竜世,,株式会社ASホールディングス,,提案,決定,160875,0,1,1,1,160875,0,160875,0,2025-09,入金済み,,,,
DEAL-20260419-4ZCP,2025-06-23,坂井竜世,,株式会社ASホールディングス,,提案,決定,4000000,3200000,1,1,1,4000000,3200000,800000,0,2025-11,入金済み,,,,
DEAL-20260419-LUH5,2025-06-23,坂井竜世,,株式会社ASホールディングス,,提案,決定,4000000,3200000,1,1,1,4000000,3200000,800000,0,2025-08,入金済み,,,,
DEAL-20260419-6U49,2025-06-26,坂井竜世,,合同会社TotalVision,,提案,決定,152100,0,1,1,1,152100,0,152100,0,2025-09,入金済み,,,,
DEAL-20260419-POIG,2025-06-26,坂井竜世,,合同会社TotalVision,,提案,決定,152100,0,1,1,1,152100,0,152100,0,2025-09,入金済み,,,,
DEAL-20260419-05BY,2025-06-26,坂井竜世,,合同会社TotalVision,,提案,決定,4290000,3432000,1,1,1,4290000,3432000,695200,0,2025-08,入金済み,,,,
DEAL-20260419-0TH1,2025-07-03,坂井竜世,,株式会社Ｎｅｘｔ,,提案,決定,112612,0,1,1,1,112612,0,112612,0,2025-09,入金済み,,,,
DEAL-20260419-EXB3,2025-07-03,坂井竜世,,株式会社Ｎｅｘｔ,,提案,決定,112612,0,1,1,1,112612,0,112612,0,2025-10,入金済み,,,,
DEAL-20260419-9NLS,2025-07-03,坂井竜世,,株式会社Ｎｅｘｔ,,提案,決定,112612,0,1,1,1,112612,0,112612,0,2025-11,入金済み,,,,
DEAL-20260419-7Y41,2025-07-03,坂井竜世,,株式会社Ｎｅｘｔ,7,提案,決定,2800000,2240000,1,1,1,2800000,2240000,560000,0,2025-11,入金済み,,,,
DEAL-20260419-DC2D,2025-07-03,坂井竜世,,株式会社Ｎｅｘｔ,7,提案,決定,2560000,2008000,1,1,1,2560000,2008000,552000,0,2025-10,入金済み,,,,
DEAL-20260419-H1OF,2025-07-03,坂井竜世,,株式会社リライフ不動産販売,,提案,決定,80437,0,1,1,1,80437,0,80437,0,2025-11,入金済み,,,,
DEAL-20260419-AAMA,2025-07-03,坂井竜世,,株式会社リライフ不動産販売,,提案,決定,160875,0,1,1,1,160875,0,160875,0,2025-10,入金済み,,,,
DEAL-20260419-JAX6,2025-07-03,坂井竜世,,株式会社リライフ不動産販売,5,提案,決定,2000000,1600000,1,1,1,2000000,1600000,400000,0,2025-11,入金済み,,,,
DEAL-20260419-GSVT,2025-07-03,坂井竜世,,株式会社リライフ不動産販売,5,提案,決定,2000000,1600000,1,1,1,2000000,1600000,400000,0,2025-10,入金済み,,,,
DEAL-20260419-OHVC,2025-07-07,坂井竜世,,株式会社テイデイシイ,,提案,決定,288000,0,1,1,1,288000,0,288000,0,2025-10,入金済み,,,,
DEAL-20260419-04EJ,2025-07-07,坂井竜世,,株式会社テイデイシイ,,提案,決定,288000,0,1,1,1,288000,0,288000,0,2025-08,入金済み,,,,
DEAL-20260419-FUHU,2025-07-07,坂井竜世,,株式会社テイデイシイ,,提案,決定,240525,0,1,1,2,481050,0,481050,0,2025-08,入金済み,,,,
DEAL-20260419-21H1,2025-07-22,坂井竜世,,株式会社カーショップトヨマス,,提案,決定,187200,0,1,1,1,187200,0,187200,0,2025-11,入金済み,,,,
DEAL-20260419-YXHV,2025-07-22,坂井竜世,,株式会社カーショップトヨマス,,提案,決定,187200,0,1,1,1,187200,0,187200,0,2025-12,入金済み,,,,
DEAL-20260419-01GY,2025-07-22,坂井竜世,,株式会社カーショップトヨマス,,提案,決定,5280000,4224000,1,1,1,5280000,4224000,792000,0,2025-09,入金済み,,,,
DEAL-20260419-EMS0,2025-07-22,坂井竜世,,株式会社カーショップトヨマス,,提案,決定,5280000,4224000,1,1,1,5280000,4224000,950400,0,2025-09,入金済み,,,,
DEAL-20260419-INE4,2025-07-22,坂井竜世,,株式会社セカンドライフ,,提案,決定,128700,0,1,1,1,128700,0,128700,0,2025-11,入金済み,,,,
DEAL-20260419-KUTC,2025-07-22,坂井竜世,,株式会社セカンドライフ,,提案,決定,128700,0,1,1,1,128700,0,128700,0,2025-12,入金済み,,,,
DEAL-20260419-YZOY,2025-07-22,坂井竜世,,株式会社セカンドライフ,,提案,決定,3630000,2904000,1,1,1,3630000,2904000,544500,0,2025-10,入金済み,,,,
DEAL-20260419-0BZO,2025-07-22,坂井竜世,,株式会社セカンドライフ,,提案,決定,3630000,2904000,1,1,1,3630000,2904000,653400,0,2025-10,入金済み,,,,
DEAL-20260419-I8SW,2025-08-08,坂井竜世,,エントライズ株式会社,,提案,決定,330000,264000,1,1,1,330000,264000,59400,0,2025-08,入金済み,,,,
DEAL-20260419-C2E3,2025-09-17,坂井竜世,,うちだ整骨院（内田健太）,,提案,決定,16087,0,1,1,3,48261,0,48261,0,2025-11,入金済み,,,,
DEAL-20260419-I8RL,2025-09-17,坂井竜世,,うちだ整骨院（内田健太）,,提案,決定,1200000,960000,1,1,1,1200000,960000,240000,0,2025-09,入金済み,,,,
DEAL-20260419-BMSH,2025-09-18,坂井竜世,,ニューデジタルケーブル株式会社,,提案,決定,1650000,1320000,1,1,1,1650000,1320000,330000,0,2025-10,入金済み,,,,
DEAL-20260419-U5XV,2025-09-18,坂井竜世,,ニューデジタルケーブル株式会社,,提案,決定,1650000,1320000,1,1,1,1650000,1320000,297000,0,2025-10,入金済み,,,,
DEAL-20260419-0U7V,2025-09-18,坂井竜世,,ニューデジタルケーブル株式会社,,提案,決定,117000,0,1,1,1,117000,0,117000,0,2026-01,入金済み,,,,
DEAL-20260419-4FXY,2025-09-30,坂井竜世,,株式会社FRAN,,提案,決定,3600000,0,1,1,1,3600000,0,3600000,0,2026-03,入金済み,,,,
DEAL-20260419-H2LJ,2025-09-30,坂井竜世,,株式会社FRAN,,提案,決定,3600000,5760000,1,1,1,3600000,5760000,-2160000,0,2026-04,未入金,,,,
DEAL-20260419-C75K,2025-09-30,坂井竜世,,株式会社FRAN,,提案,決定,3600000,2880000,1,1,1,3600000,2880000,720000,0,2026-05,未入金,,,,
DEAL-20260419-O6IB,2025-09-30,坂井竜世,,株式会社VEGA,,提案,決定,1200000,0,1,1,1,1200000,0,1200000,0,2026-03,入金済み,,,,
DEAL-20260419-V4O8,2025-09-30,坂井竜世,,株式会社VEGA,,提案,決定,1200000,1920000,1,1,1,1200000,1920000,-720000,0,2026-04,未入金,,,,
DEAL-20260419-E1VL,2025-09-30,坂井竜世,,株式会社VEGA,,提案,決定,1200000,960000,1,1,1,1200000,960000,240000,0,2026-05,未入金,,,,
DEAL-20260419-O3UR,2025-10-02,坂井竜世,,株式会社K.T.M,,提案,決定,163800,0,1,1,1,163800,0,163800,0,2026-03,入金済み,,,,
DEAL-20260419-WJL9,2025-10-02,坂井竜世,,株式会社K.T.M,,提案,決定,163800,0,1,1,1,163800,0,163800,0,2026-02,入金済み,,,,
DEAL-20260419-676E,2025-10-02,坂井竜世,,株式会社K.T.M,,提案,決定,4620000,3696000,1,1,1,4620000,3696000,693000,0,2025-12,入金済み,,,,
DEAL-20260419-BXSG,2025-10-02,坂井竜世,,株式会社K.T.M,,提案,決定,4620000,3696000,1,1,1,4620000,3696000,831600,0,2025-12,入金済み,,,,
DEAL-20260419-4R48,2025-10-02,坂井竜世,,株式会社loty,,提案,決定,93600,0,1,1,1,93600,0,93600,0,2026-01,入金済み,,,,
DEAL-20260419-3G40,2025-10-02,坂井竜世,,株式会社loty,,提案,決定,93600,0,1,1,1,93600,0,93600,0,2026-02,入金済み,,,,
DEAL-20260419-IJSD,2025-10-02,坂井竜世,,株式会社loty,,提案,決定,2640000,2112000,1,1,1,2640000,2112000,396000,0,2025-11,入金済み,,,,
DEAL-20260419-XKZD,2025-10-02,坂井竜世,,株式会社loty,,提案,決定,2640000,2112000,1,1,1,2640000,2112000,475200,0,2025-11,入金済み,,,,
DEAL-20260419-A916,2025-10-23,坂井竜世,,株式会社イオス,,提案,決定,1200000,960000,1,1,1,1200000,960000,240000,0,2025-11,入金済み,,,,
DEAL-20260419-5RO4,2025-10-23,坂井竜世,,株式会社イオス,,提案,決定,24131,0,1,1,2,48262,0,48262,0,2026-01,入金済み,,,,
DEAL-20260419-64NL,2025-10-23,坂井竜世,,株式会社多賀谷建設,,提案,決定,2400000,1920000,1,1,1,2400000,1920000,480000,0,2025-11,入金済み,,,,
DEAL-20260419-SJL1,2025-10-23,坂井竜世,,株式会社多賀谷建設,,提案,決定,48262,0,1,1,2,96525,0,96525,0,2026-01,入金済み,,,,
DEAL-20260419-WRBP,2026-01-08,坂井竜世,,株式会社アルパセータ,,提案,決定,35100,0,1,1,1,35100,0,35100,0,2026-01,入金済み,,,,
DEAL-20260419-YT8Z,2026-01-27,坂井竜世,,株式会社MUX,,提案,決定,2000000,1600000,1,1,1,2000000,1600000,400000,0,2026-03,入金済み,,,,
DEAL-20260419-SDU6,2026-01-27,坂井竜世,,株式会社MUX,,提案,決定,1600000,1280000,1,1,1,1600000,1280000,320000,0,2026-04,入金済み,,,,
DEAL-20260419-3S6E,2026-01-27,坂井竜世,,株式会社MUX,,提案,決定,1200000,960000,1,1,1,1200000,960000,240000,0,2026-04,入金済み,,,,
DEAL-20260419-F4WH,2026-01-27,坂井竜世,,株式会社MUX,,提案,決定,80437,0,1,1,1,80437,0,80437,0,2026-04,入金済み,,,,
DEAL-20260419-M73K,2026-02-09,坂井竜世,,吉田建設株式会社,,提案,決定,1800000,1440000,1,1,2,3600000,2880000,720000,0,2025-12,入金済み,,,,
DEAL-20260419-1AIF,2026-02-09,坂井竜世,,吉田建設株式会社,,提案,決定,72394,0,1,1,2,144787,0,144787,0,2026-01,入金済み,,,,
DEAL-20260419-P3Z8,2026-03-09,坂井竜世,,合同会社フルサポート,,提案,決定,193050,0,1,1,1,193050,0,193050,0,2026-03,入金済み,,,,
DEAL-20260419-T76M,2026-03-10,坂井竜世,,一般社団法人FANCアカデミー,,提案,決定,1200000,960000,1,1,1,1200000,960000,240000,0,2026-05,未入金,,,,
DEAL-20260419-R117,2026-03-10,坂井竜世,,一般社団法人FANCアカデミー,,提案,決定,1200000,960000,1,1,1,1200000,960000,240000,0,2026-06,未入金,,,,
DEAL-20260419-8VB5,2026-03-10,坂井竜世,,一般社団法人FANCアカデミー,,提案,決定,1200000,960000,1,1,1,1200000,960000,240000,0,2026-07,未入金,,,,
DEAL-20260419-PLOH,2026-03-10,坂井竜世,,株式会社テイデイシイ,,提案,決定,1200000,960000,1,1,1,1200000,960000,240000,0,2026-04,未入金,,,,
DEAL-20260419-XQKY,2026-03-10,坂井竜世,,株式会社テイデイシイ,,提案,決定,1200000,960000,1,1,1,1200000,960000,240000,0,2026-05,未入金,,,,
DEAL-20260419-ZX77,2026-03-10,坂井竜世,,株式会社テイデイシイ,,提案,決定,1200000,960000,1,1,1,1200000,960000,240000,0,2026-06,未入金,,,,
DEAL-20260419-JXVB,2026-03-10,坂井竜世,,吉田建設株式会社,,提案,決定,1200000,960000,1,1,1,1200000,960000,240000,0,2026-04,未入金,,,,
DEAL-20260419-9LZW,2026-03-10,坂井竜世,,吉田建設株式会社,,提案,決定,1200000,960000,1,1,1,1200000,960000,240000,0,2026-05,未入金,,,,
DEAL-20260419-W8CN,2026-03-10,坂井竜世,,吉田建設株式会社,,提案,決定,1200000,960000,1,1,1,1200000,960000,240000,0,2026-06,未入金,,,,
DEAL-20260419-R6LR,2026-03-12,坂井竜世,,株式会社Steady,,提案,決定,5600000,4480000,1,1,1,5600000,4480000,1120000,0,2026-04,未入金,,,,
DEAL-20260419-XBQ5,2026-03-10,坂井竜世,,株式会社Steady,,提案,決定,5600000,4480000,1,1,1,5600000,4480000,1120000,0,2026-05,未入金,,,,
DEAL-20260419-QS3F,2026-03-10,坂井竜世,,株式会社Steady,,提案,決定,5600000,4480000,1,1,1,5600000,4480000,1120000,0,2026-06,未入金,,,,
DEAL-20260419-EJFX,2026-03-16,坂井竜世,,株式会社STE,,提案,決定,800000,640000,1,1,1,800000,640000,160000,0,2026-04,未入金,,,,
DEAL-20260419-V4UH,2026-03-16,坂井竜世,,株式会社STE,,提案,決定,800000,640000,1,1,1,800000,640000,160000,0,2026-05,未入金,,,,
DEAL-20260419-EJQE,2026-03-16,坂井竜世,,株式会社STE,,提案,決定,800000,640000,1,1,1,800000,640000,160000,0,2026-06,未入金,,,,
DEAL-20260419-15MI,2026-03-17,坂井竜世,,ヘアーブティックバグース,,提案,決定,2400000,1920000,1,1,1,2400000,1920000,480000,0,2026-04,未入金,,,,
DEAL-20260419-956B,2026-03-17,坂井竜世,,株式会社ごえん,,提案,決定,3200000,2560000,1,1,1,3200000,2560000,640000,0,2026-05,未入金,,,,
DEAL-20260419-0TLN,2026-03-17,坂井竜世,,株式会社ごえん,,提案,決定,3200000,2560000,1,1,1,3200000,2560000,640000,0,2026-06,未入金,,,,
DEAL-20260419-05SZ,2026-03-17,坂井竜世,,株式会社ごえん,,提案,決定,3200000,2560000,1,1,1,3200000,2560000,640000,0,2026-07,未入金,,,,
DEAL-20260419-Z51O,2026-03-17,坂井竜世,,株式会社ごえん,,提案,決定,3200000,2560000,1,1,1,3200000,2560000,640000,0,2026-07,未入金,,,,
DEAL-20260419-BCJP,2026-03-17,坂井竜世,,株式会社Good Life,,提案,決定,1200000,960000,1,1,1,1200000,960000,240000,0,2026-05,未入金,,,,
DEAL-20260419-LHIA,2026-03-17,坂井竜世,,株式会社Good Life,,提案,決定,1200000,960000,1,1,1,1200000,960000,240000,0,2026-06,未入金,,,,
DEAL-20260419-MS3U,2026-03-17,坂井竜世,,株式会社Good Life,,提案,決定,1200000,960000,1,1,1,1200000,960000,240000,0,2026-07,未入金,,,,
DEAL-20260419-C5F9,2026-03-18,坂井竜世,,株式会社LIG①,,提案,決定,1200000,960000,1,1,1,1200000,960000,240000,0,2026-04,未入金,,,,
DEAL-20260419-VWA3,2026-03-18,坂井竜世,,株式会社LIG①,,提案,決定,1200000,960000,1,1,1,1200000,960000,240000,0,2026-05,未入金,,,,
DEAL-20260419-89LX,2026-03-18,坂井竜世,,株式会社LIG①,,提案,決定,1200000,960000,1,1,1,1200000,960000,240000,0,2026-06,未入金,,,,
DEAL-20260419-OF82,2026-03-18,坂井竜世,,株式会社LIG②,,提案,決定,1200000,960000,1,1,1,1200000,960000,240000,0,2026-04,未入金,,,,
DEAL-20260419-AOPL,2026-03-18,坂井竜世,,株式会社LIG②,,提案,決定,1200000,960000,1,1,1,1200000,960000,240000,0,2026-05,未入金,,,,
DEAL-20260419-PDKO,2026-03-18,坂井竜世,,株式会社LIG②,,提案,決定,1200000,960000,1,1,1,1200000,960000,240000,0,2026-06,未入金,,,,
DEAL-20260419-3Y4V,2026-03-19,坂井竜世,,株式会社ミクマリ工業,,提案,決定,400000,320000,1,1,1,400000,320000,80000,0,2026-04,未入金,,,,
DEAL-20260419-8S0W,2026-03-19,坂井竜世,,株式会社ミクマリ工業,,提案,決定,400000,320000,1,1,1,400000,320000,80000,0,2026-05,未入金,,,,
DEAL-20260419-HLQG,2026-03-19,坂井竜世,,株式会社ミクマリ工業,,提案,決定,400000,320000,1,1,1,400000,320000,80000,0,2026-06,未入金,,,,
DEAL-20260419-B0FR,2026-03-19,坂井竜世,,MAO株式会社,,提案,決定,3600000,2880000,1,1,1,3600000,2880000,720000,0,2026-04,未入金,,,,
DEAL-20260419-HDFO,2026-03-19,坂井竜世,,株式会社VERO,,提案,決定,9600000,7680000,1,1,1,9600000,7680000,1920000,0,2026-04,未入金,,,,
DEAL-20260419-LS0P,2026-03-23,坂井竜世,,株式会社ADANAS,,提案,決定,400000,320000,1,1,1,400000,320000,80000,0,2026-04,未入金,,,,
DEAL-20260419-MX66,2026-03-23,坂井竜世,,株式会社ADANAS,,提案,決定,400000,320000,1,1,1,400000,320000,80000,0,2026-05,未入金,,,,
DEAL-20260419-RM1N,2026-03-23,坂井竜世,,株式会社ADANAS,,提案,決定,400000,320000,1,1,1,400000,320000,80000,0,2026-06,未入金,,,,
DEAL-20260419-DK3H,2026-03-23,坂井竜世,,株式会社ごんた,,提案,決定,4800000,3840000,1,1,1,4800000,3840000,960000,0,2026-05,未入金,,,,
DEAL-20260419-XCMF,2026-03-23,坂井竜世,,合同会社フルサポート,,提案,決定,800000,0,1,1,1,800000,0,800000,0,2026-04,未入金,,,,
DEAL-20260419-I66Z,2026-03-23,坂井竜世,,合同会社フルサポート,,提案,決定,800000,0,1,1,1,800000,0,800000,0,2026-05,未入金,,,,
DEAL-20260419-6UVK,2026-03-23,坂井竜世,,合同会社フルサポート,,提案,決定,800000,1413000,1,1,1,800000,1413000,-613000,0,2026-06,未入金,,,,
DEAL-20260419-Z9CW,2026-03-23,坂井竜世,,石田鶏卵株式会社,,提案,決定,3600000,2880000,1,1,1,3600000,2880000,720000,0,2026-04,未入金,,,,
DEAL-20260419-7E95,2026-04-08,坂井竜世,,株式会社VERO,,提案,決定,289575,0,1,1,1,289575,0,289575,0,2026-04,入金済み,,,,
DEAL-20260419-8MGW,2026-04-08,坂井竜世,,株式会社小雀弥サポート,,提案,決定,98475,0,1,1,1,98475,0,98475,0,2026-04,入金済み,,,,
DEAL-20260419-G5FC,2025-05-08,濱田,,スマイルヘアー大泉学園店,IT導入,提案,決定,1100000,0,1,1,1,1100000,0,1100000,0,2026-01,入金済み,,書類回収の話,,
DEAL-20260419-PZE2,2025-05-14,濱田,,株式会社フク,社労士顧問,提案,決定,33000,0,1,1,8,264000,0,264000,0,2025-08,入金済み,,7月働き方、業務改善アポ取り,,
DEAL-20260419-44G7,2025-05-30,濱田,,クロスパワー,社労士顧問,提案,決定,29700,0,1,1,6,178200,0,178200,0,2025-08,入金済み,,,,
DEAL-20260419-034M,2025-06-18,濱田,,株式会社hiroka,人材開発,提案,決定,125202,3130,1,1,1,125202,3130,122072,0,2025-12,入金済み,,,,
DEAL-20260419-6GN6,2025-07-08,濱田,,合同会社味楽ふくしま,業務改善,提案,決定,474375,11860,1,1,1,474375,11860,462515,0,2025-10,入金済み,,7/11再アポ,,
DEAL-20260419-VP0I,2025-10-27,濱田,,有限会社丸三家具,リスキリング,提案,決定,4800000,3043000,1,1,1,4800000,3043000,1757000,0,2026-01,入金済み,,最大5名様でAI集中プラン希望。受講者を選ぶ。6名受講。1回目1/26入金,,
DEAL-20260419-SFGM,2025-11-10,濱田,,株式会社ベストランド,IT導入,提案,決定,1100000,0,1,1,1,1100000,0,1100000,0,2026-02,入金済み,,申請決定。あぷりん満額。ITの連絡の中にリスキリングの案内,,
DEAL-20260419-EXHL,2025-11-19,濱田,,桑田 晶様,IT導入,提案,決定,1100000,0,1,1,1,1100000,0,1100000,0,2026-02,入金済み,,7次（12月2日締切）に応募予定。来週ヒアリングシート作成面談。,,
DEAL-20260419-BR96,2024-06-21,佐々木,,株式会社　根本総業,社労士顧問,提案,決定,70675,0,1,1,4,282700,0,282700,0,2025-08,入金済み,,面談●●検討状況確認●超え小さかった女性ラインで詳細の案内をして、前向きに考えていただけてるとのこと。勤怠から、管理しないと。●箕輪さん引継ぎ,,
DEAL-20260419-744J,2025-01-22,佐々木,,株式会社TBグループ,社労士顧問,提案,決定,54697,0,1,1,3,164092,0,164092,0,2025-10,入金済み,,,,
DEAL-20260419-NBZ3,2024-12-02,佐々木,,株式会社ＧＯＴＨＡＭ,社労士顧問,提案,決定,167475,0,1,1,8,1339800,0,1339800,0,2025-08,入金済み,,,,
DEAL-20260419-Q1YE,2023-11-23,佐々木,,合同会社ＯＲＤＯ,社労士顧問,提案,決定,32794,0,1,1,8,262350,0,230175,0,2025-08,入金済み,,●●ｽﾀｰﾄｱｯﾌﾟ●小規模アポ取り中、キングオブタイム,,
DEAL-20260419-B06U,2023-11-23,佐々木,,合同会社Ordo,キャリアアップ,提案,決定,64350,0,1,1,1,64350,0,64350,0,2026-02,入金済み,,坂本雄貴さん(1回目成功報酬),,
DEAL-20260419-I4JM,2023-11-23,佐々木,,合同会社Ordo,キャリアアップ,提案,決定,42900,0,1,1,1,42900,0,42900,0,2026-03,入金済み,,赤穂さん1月入社,,
DEAL-20260419-PKCN,2023-11-23,佐々木,,合同会社Ordo,キャリアアップ,提案,決定,42900,0,1,1,1,42900,0,42900,0,2026-03,入金済み,,三浦さん2/10入社,,
DEAL-20260419-T9Y1,2024-01-15,佐々木,,株式会社ウェイズアップ,社労士顧問,提案,決定,37424,0,1,1,8,299392,0,260782,0,2025-08,入金済み,,,,
DEAL-20260419-QQN9,2024-03-26,箕輪,,ＳＥＲＶＩＣＥ’ＳＵＮＬＩＭＩＴＥＤ（株,社労士顧問,提案,決定,22733,0,1,1,3,68200,0,68200,0,2025-08,入金済み,,日程調整。i面談。渋谷さん給与計算とかできないと思うから、がっつりサポートするスタイルで案内しないとダメそう。●箕輪さん引継ぎ案件・,,
DEAL-20260419-OZJO,2024-04-15,佐々木,,株式会社白水ペイント,社労士顧問,提案,決定,24750,0,1,1,8,198000,0,154000,0,2025-08,入金済み,,●ご面談●5/13再伺い●5/1検討状況お伺い●4/24検討状況お伺い●4/19面談,,
DEAL-20260419-JR7G,2024-04-30,佐々木,,オペレーションリバイズ株式会社,社労士顧問,提案,決定,40274,0,1,1,4,161095,0,161095,0,2025-08,入金済み,,シミュレーション送付。スタートアップ●日程調整中○書類回収中●7/1料金案内●状況確認●面談●5月末ごろにアポ取り架電、面談実施前,,
DEAL-20260419-2ZJL,2024-05-27,佐々木,,株式会社アートハウジング,社労士顧問,提案,決定,22000,0,1,1,9,198000,0,176000,0,2025-08,入金済み,,5/31アポ依頼,,
DEAL-20260419-RDNP,2024-06-11,箕輪,,株式会社ＤＴＬ,社労士顧問,提案,決定,33000,0,1,1,9,297000,0,264000,0,2025-08,入金済み,,,,
DEAL-20260419-4C7Q,2024-06-11,佐々木,,株式会社ＤＴＬ,キャリアアップ,提案,決定,107250,0,1,1,1,107250,0,107250,0,2025-11,入金済み,,,,
DEAL-20260419-JBMQ,2024-06-19,佐々木,,株式会社岡川塾,社労士顧問,提案,決定,28600,0,1,1,8,228800,0,203500,0,2025-08,入金済み,,契約書確認●書類回収確認,,
DEAL-20260419-O7BR,2024-06-25,佐々木,,株式会社ＺＯＵＫ,社労士顧問,提案,決定,25422,0,1,1,9,228800,0,203500,0,2025-08,入金済み,,,,
DEAL-20260419-483G,2024-06-27,佐々木,,株式会社ＮＩＮＥ　ＩＮＤＵＳＴＲＩＥＳ,社労士顧問,提案,決定,27378,0,1,1,9,246400,0,218900,0,2025-08,入金済み,,,,
DEAL-20260419-S7H8,2024-06-27,佐々木,,株式会社ＫＬＡＳＳ,社労士顧問,提案,決定,25300,0,1,1,2,50600,0,50600,0,2025-08,入金済み,,,,
DEAL-20260419-HWFF,2024-07-04,佐々木,,整体院Happy・Bird,アツメル,提案,決定,18700,7700,1,1,6,112200,46200,66000,0,2025-08,入金済み,,アポ依頼。モノリシックスさんとの面談調整中●面談。●検討状況お伺い,,
DEAL-20260419-KL43,2024-07-30,佐々木,,株式会社ウェイズアップ,両立支援,提案,決定,33000,0,1,1,1,33000,0,33000,0,2025-08,入金済み,,ｽﾀｰﾄｱｯﾌﾟ,,
DEAL-20260419-GGSK,2024-08-06,佐々木,,株式会社第７地区,社労士顧問,提案,決定,24200,0,1,1,9,217800,0,192500,0,2025-08,入金済み,,面談。キャリアアップ,,
DEAL-20260419-WSZI,2024-08-07,佐々木,,有限会社竹内創設,社労士顧問,提案,決定,23100,0,1,1,9,207900,0,184800,0,2025-08,入金済み,,オフィスステーション設定。スタートアップ,,
DEAL-20260419-F3GG,2024-08-26,佐々木,,一般社団法人日本福利厚生振興会,社労士スポット,提案,決定,10750,0,1,1,1,10750,0,10750,0,2025-10,入金済み,,,,
DEAL-20260419-S8TZ,2024-08-26,佐々木,,一般社団法人日本福利厚生振興会,社労士スポット,提案,決定,75075,0,1,1,1,75075,0,75075,0,2025-09,入金済み,,,,
DEAL-20260419-ST53,2024-09-12,佐々木,,えだ歯科医院,社労士顧問,提案,決定,29333,0,1,1,9,264000,0,223300,0,2025-08,入金済み,,何が活用できるかを再度案内する,,
DEAL-20260419-JKO3,2024-10-01,佐々木,,有限会社ほさか塗装店,社労士スポット,提案,決定,10725,0,1,1,1,10725,0,10725,0,2026-02,入金済み,,社会保険、雇用保険の加入手続き,,
DEAL-20260419-NR3B,2024-10-16,佐々木,,合同会社戸張組,社労士顧問,提案,決定,70879,0,1,1,6,425273,0,425273,0,2025-08,入金済み,,日程調整依頼中、返事確認。書類回収中検討状況確認,,
DEAL-20260419-440Z,2024-10-17,佐々木,,株式会社オアシス不動産,社労士顧問,提案,決定,89554,0,1,1,2,179107,0,179107,0,2025-10,入金済み,,シンカ,,
DEAL-20260419-CA2G,2024-11-29,佐々木,,株式会社ＷＨＩＴＥＬＡＢＥＬＷＯＲＫＳ,社労士顧問,提案,決定,23915,0,1,1,8,191317,0,168795,0,2025-08,入金済み,,,,
DEAL-20260419-EXE6,2024-11-29,佐々木,,株式会社white-label-works,キャリアアップ,提案,決定,64350,0,1,1,1,64350,0,64350,0,2025-11,入金済み,,,,
DEAL-20260419-2PWD,2024-12-11,佐々木,,株式会社　一栄,人材開発,提案,決定,48262,0,1,1,3,144786,0,144786,0,2025-09,入金済み,,rt,,
DEAL-20260419-5UE9,2024-12-11,佐々木,,株式会社　一栄,リスキリング,提案,決定,3600000,2520000,1,1,1,3600000,2520000,1080000,0,2025-08,入金済み,,rt,,
DEAL-20260419-MY4X,2024-12-16,佐々木,,株式会社大雄工業,人材開発,提案,決定,32175,0,1,1,1,32175,0,32175,0,2026-02,入金済み,,rt成功1回目,,
DEAL-20260419-SXDE,2024-12-16,佐々木,,株式会社大雄工業,人材開発,提案,決定,32175,0,1,1,1,32175,0,32175,0,2025-09,入金済み,,rt,,
DEAL-20260419-RYAI,2024-12-23,佐々木,,株式会社いろは造園土木,人材開発,提案,決定,66300,0,1,1,1,66300,0,66300,0,2026-02,入金済み,,rt成功2回目、3回目,,
DEAL-20260419-SYTC,2024-12-23,佐々木,,株式会社いろは造園土木,人材開発,提案,決定,32175,0,1,1,1,32175,0,32175,0,2025-12,入金済み,,rt,,
DEAL-20260419-WXXX,2025-01-07,佐々木,,株式会社Wizmates,社労士顧問,提案,決定,27884,0,1,1,4,111538,0,89016,0,2025-10,入金済み,,シンカ畠中様紹介,,
DEAL-20260419-02KN,2025-01-10,佐々木,,株式会社MREST,人材開発,提案,決定,65325,0,1,1,2,130650,0,130650,0,2025-09,入金済み,,rt,,
DEAL-20260419-GII8,2025-01-17,佐々木,,株式会社タカコミュニティ,社労士顧問,提案,決定,29570,0,1,1,7,206990,0,184468,0,2025-10,入金済み,,,,
DEAL-20260419-XXPL,2025-01-17,佐々木,,株式会社タカコミュニティ,人材開発,提案,決定,289575,0,1,1,1,289575,0,289575,0,2026-04,入金済み,,,,
DEAL-20260419-6JB3,2025-01-17,佐々木,,株式会社リレーション,人材開発,提案,決定,193050,0,1,1,1,193050,0,193050,0,2025-09,入金済み,,rt,,
DEAL-20260419-9ARO,2025-01-18,佐々木,,株式会社ＳＥＮ　ＴＥＣ,人材開発,提案,決定,120656,0,1,1,2,241312,0,241312,0,2025-09,入金済み,,rt初期,,
DEAL-20260419-K8UJ,2025-01-20,鈴木→佐々木,,株式会社東京科学,社労士顧問,提案,決定,33000,0,1,1,6,198000,0,198000,0,2025-08,入金済み,,,,
DEAL-20260419-4LMO,2025-01-20,佐々木,,合同会社ハートケア,リスキリング,提案,決定,4800000,3200000,1,1,1,4800000,3200000,1600000,0,2026-03,入金済み,,,,
DEAL-20260419-HMOX,2025-01-22,鈴木→佐々木,,カットトリック,社労士顧問,提案,決定,26033,0,1,1,9,234300,0,209000,0,2025-08,入金済み,,,,
DEAL-20260419-658S,2025-01-24,佐々木,,株式会社オアシス,社労士顧問,提案,決定,41674,0,1,1,7,291717,0,269195,0,2025-10,入金済み,,シンカ,,
DEAL-20260419-3L8F,2025-01-24,佐々木,,株式会社川島鉄筋,人材開発,提案,決定,32175,0,1,1,1,32175,0,32175,0,2026-04,入金済み,,rt初期報酬1回目,,
DEAL-20260419-LW5T,2025-01-24,佐々木,,株式会社川島鉄筋,リスキリング,提案,決定,2400000,1680000,1,1,1,2400000,1680000,720000,0,2026-03,入金済み,,rt,,
DEAL-20260419-IVP0,2025-01-27,鈴木→佐々木,,株式会社縁の木,社労士顧問,提案,決定,33000,0,1,1,8,264000,0,264000,0,2025-08,入金済み,,,,
DEAL-20260419-GL0U,2025-02-25,佐々木,,株式会社ｏｋｅｙ,人材開発,提案,決定,515418,8662,1,1,2,1030837,17325,1013512,0,2025-09,入金済み,,,,
DEAL-20260419-P5V8,2025-02-25,佐々木,,okey,リスキリング,提案,決定,8400000,5355000,1,1,2,16800000,10710000,6090000,0,2025-08,入金済み,,書類回収中,,
DEAL-20260419-CLUC,2025-03-04,佐々木,,FLOW,人材開発,提案,決定,64350,0,1,1,1,64350,0,64350,0,2026-02,入金済み,,2回目初期,,
DEAL-20260419-7CX3,2025-03-04,佐々木,,FLOW,リスキリング,提案,決定,1600000,3057000,1,1,1,1600000,3057000,-1457000,0,2026-01,入金済み,,,,
DEAL-20260419-4W91,2025-03-04,佐々木,,FLOW,リスキリング,提案,決定,1600000,0,1,1,1,1600000,0,1600000,0,2025-12,入金済み,,,,
DEAL-20260419-UFZC,2025-03-04,佐々木,,FLOW,人材開発,提案,決定,64350,0,1,1,1,64350,0,64350,0,2025-12,入金済み,,1回目初期,,
DEAL-20260419-IP97,2025-03-04,佐々木,,FLOW,リスキリング,提案,決定,1600000,0,1,1,1,1600000,0,1600000,0,2025-11,入金済み,,,,
DEAL-20260419-J7YH,2025-03-07,佐々木,,株式会社八紘,人材開発,提案,決定,49952,0,1,1,1,49952,0,49952,0,2026-01,入金済み,,ﾘｽｷﾘﾝｸﾞ研修,,
DEAL-20260419-2HTB,2025-04-10,佐々木,,株式会社Ｋ―ＬＵＸ,人材開発,提案,決定,48262,0,1,1,2,96525,0,96525,0,2025-09,入金済み,,rt初期,,
DEAL-20260419-8P63,2025-04-14,佐々木,,株式会社ｖｉｌｌａｇｅＡＩ,社労士顧問,提案,決定,66141,0,1,1,8,529127,0,465850,0,2025-08,入金済み,,シンカ,,
DEAL-20260419-6QNQ,2025-04-21,佐々木,,株式会社ZERO,リスキリング,提案,決定,22770000,16723000,1,1,1,22770000,16723000,6047000,0,2025-11,入金済み,,69名計算,,
DEAL-20260419-UJ8G,2025-04-23,佐々木,,カットトリック,両立支援,提案,決定,6600,0,1,1,1,6600,0,6600,0,2025-08,入金済み,,不妊治療及び女性の健康課題対応両立支援コース（更年期）,,
DEAL-20260419-42U6,2025-04-24,佐々木,,株式会社泰裕トラスト,人材開発,提案,決定,32175,0,1,1,1,32175,0,32175,0,2026-02,入金済み,,rt成功1回目,,
DEAL-20260419-WZCO,2025-04-24,佐々木,,株式会社泰裕トラスト,人材開発,提案,決定,48262,0,1,1,2,96525,0,96525,0,2025-08,入金済み,,rt,,
DEAL-20260419-Q3LK,2025-04-24,佐々木,,株式会社泰裕トラスト,人材開発,提案,決定,32175,0,1,1,1,32175,0,32175,0,2026-03,入金済み,,rt成功2回目,,
DEAL-20260419-Y1C2,2025-04-25,佐々木,,株式会社ＬｅａｄＡｒｒｏｗ,人材開発,提案,決定,16087,0,1,1,3,48261,0,48261,0,2025-08,入金済み,,ｵｱｼｽ,,
DEAL-20260419-MPMR,2025-04-25,佐々木,,株式会社オアシス不動産,人材開発,提案,決定,32175,0,1,1,1,32175,0,32175,0,2025-08,入金済み,,,,
DEAL-20260419-QIVU,2025-04-26,佐々木,,清流デンタルクリニック,働き方,提案,決定,103125,103125,1,1,1,103125,103125,0,0,2025-09,入金済み,,失注。返金済み。,,
DEAL-20260419-DB8O,2025-05-08,佐々木,,株式会社ＶＩＶＡ　ＬＡ　　ＶＩＤＡ,社労士顧問,提案,決定,89833,0,1,1,9,808500,0,746900,0,2025-08,入金済み,,,,
DEAL-20260419-BE9X,2025-05-09,佐々木,,株式会社ＳＵＮＴＵＲＹ,社労士顧問,提案,決定,26400,0,1,1,9,237600,0,211200,0,2025-08,入金済み,,,,
DEAL-20260419-JBWL,2025-05-09,佐々木,,BOLERO,社労士スポット,提案,決定,12870,0,1,1,1,12870,0,12870,0,2026-02,入金済み,,ZOOK様紹介、従業員いない。,,
DEAL-20260419-SF5O,2025-05-12,佐々木,,株式会社岡島電設工業,人材開発,提案,決定,72394,0,1,1,2,144787,0,144787,0,2025-09,入金済み,,rt,,
DEAL-20260419-ULRR,2025-05-13,佐々木,,株式会社オアシス,人材開発,提案,決定,16087,0,1,1,3,48261,0,48261,0,2025-08,入金済み,,,,
DEAL-20260419-MPXX,2025-05-20,佐々木,,中村電工株式会社,人材開発,提案,決定,48262,0,1,1,2,96525,0,96525,0,2025-09,入金済み,,rt初期,,
DEAL-20260419-03OX,2025-05-21,佐々木,,笹野電機株式会社,人材開発,提案,決定,48262,0,1,1,2,96525,0,96525,0,2026-02,入金済み,,rt,,
DEAL-20260419-MLRN,2025-05-21,佐々木,,笹野電機株式会社,リスキリング,提案,決定,800000,560000,1,1,1,800000,560000,240000,0,2026-02,入金済み,,rt3回目,,
DEAL-20260419-27XW,2025-05-21,佐々木,,笹野電機株式会社,リスキリング,提案,決定,800000,560000,1,1,1,800000,560000,240000,0,2026-01,入金済み,,rt2回目,,
DEAL-20260419-GOET,2025-05-21,佐々木,,笹野電機株式会社,リスキリング,提案,決定,800000,560000,1,1,1,800000,560000,240000,0,2025-12,入金済み,,rt1回目,,
DEAL-20260419-5D6J,2025-05-22,佐々木,,株式会社　ＢＵＤＳＣＥＮＥ,社労士顧問,提案,決定,45222,0,1,1,9,407000,0,357500,0,2025-08,入金済み,,,,
DEAL-20260419-S9X1,2025-05-22,佐々木,,サードテック株式会社,人材開発,提案,決定,48262,0,1,1,2,96525,0,64350,0,2025-10,入金済み,,rt,,
DEAL-20260419-J53U,2025-05-22,佐々木,,サードテック株式会社,リスキリング,提案,決定,800000,560000,1,1,3,2400000,1680000,720000,0,2025-09,入金済み,,rt,,
DEAL-20260419-6ZOF,2025-06-05,佐々木,,渡嘉敷様,IT導入,提案,決定,1100000,200000,1,1,1,1100000,200000,900000,0,2025-11,入金済み,,,,
DEAL-20260419-B1XX,2025-06-18,佐々木,,株式会社大世工務店,人材開発,提案,決定,48262,0,1,1,2,96525,0,96525,0,2025-09,入金済み,,rt,,
DEAL-20260419-VSUK,2025-06-18,佐々木,,有限会社エムワイエスエンジニアリング,人材開発,提案,決定,48262,0,1,1,2,96525,0,96525,0,2025-09,入金済み,,rt,,
DEAL-20260419-DI3I,2025-06-18,佐々木,,有限会社エムワイエスエンジニアリング,リスキリング,提案,決定,2400000,1680000,1,1,1,2400000,1680000,720000,0,2025-08,入金済み,,rtかんこう,,
DEAL-20260419-BSZE,2025-06-20,,,株式会社TBグループ,リスキリング,提案,決定,105000,0,1,1,1,105000,0,105000,0,2025-08,入金済み,,,,
DEAL-20260419-46XL,2025-06-21,佐々木,,エコスケ,IT導入,提案,決定,1100000,200000,1,1,1,1100000,200000,900000,0,2025-11,入金済み,,,,
DEAL-20260419-AP05,2025-07-02,佐々木,,株式会社ノチデ,リスキリング,提案,決定,800000,560000,1,1,1,800000,560000,240000,0,2026-01,入金済み,,オアシス,,
DEAL-20260419-7MSE,2025-07-02,佐々木,,株式会社ノチデ,人材開発,提案,決定,46800,0,1,1,2,93600,0,64350,0,2025-11,入金済み,,オアシス,,
DEAL-20260419-UNEQ,2025-07-02,佐々木,,株式会社ノチデ,リスキリング,提案,決定,800000,560000,1,1,1,800000,560000,240000,0,2025-11,入金済み,,オアシス,,
DEAL-20260419-OX9M,2025-07-02,佐々木,,株式会社ノチデ,リスキリング,提案,決定,800000,560000,1,1,1,800000,560000,240000,0,2025-10,入金済み,,オアシス,,
DEAL-20260419-UZEZ,2025-07-10,佐々木,,日協建設株式会社,人材開発,提案,決定,48262,0,1,1,2,96525,0,32175,0,2025-11,入金済み,,rt→天野建設,,
DEAL-20260419-UNPU,2025-07-10,佐々木,,日協建設株式会社,リスキリング,提案,決定,2400000,1680000,1,1,1,2400000,1680000,720000,0,2025-09,入金済み,,rt→天野建設,,
DEAL-20260419-8VY5,2025-07-17,佐々木,,合同会社negla設計室,リスキリング,提案,決定,105000,0,1,1,1,105000,0,105000,0,2025-08,入金済み,,研修のみ。,,
DEAL-20260419-43J4,2025-08-08,佐々木,,株式会社ＢＯＬＥＲＯ,その他,提案,決定,5362,0,1,1,1,5362,0,5362,0,2025-08,入金済み,,,,
DEAL-20260419-3U2Q,2025-08-08,佐々木,,株式会社渕田酒造場,人材開発,提案,決定,24131,0,1,1,2,48262,0,32175,0,2025-11,入金済み,,オアシス,,
DEAL-20260419-FI50,2025-08-08,佐々木,,株式会社渕田酒造場,リスキリング,提案,決定,1200000,840000,1,1,1,1200000,840000,360000,0,2025-09,入金済み,,オアシス,,
DEAL-20260419-D68J,2025-08-21,佐々木,,株式会社mithena,リスキリング,提案,決定,105000,0,1,1,1,105000,0,105000,0,2025-11,入金済み,,,,
DEAL-20260419-I59J,2025-08-25,佐々木,,三宅防災株式会社,リスキリング,提案,決定,400000,0,1,1,1,400000,0,400000,0,2026-02,入金済み,,rt3回目,,
DEAL-20260419-W76G,2025-08-25,佐々木,,三宅防災株式会社,人材開発,提案,決定,16087,0,1,1,1,16087,0,16087,0,2026-02,入金済み,,rt3回目,,
DEAL-20260419-M6Z0,2025-08-25,佐々木,,三宅防災株式会社,リスキリング,提案,決定,400000,0,1,1,1,400000,0,400000,0,2026-01,入金済み,,rt2回目,,
DEAL-20260419-16SF,2025-08-25,佐々木,,三宅防災株式会社,人材開発,提案,決定,16087,0,1,1,1,16087,0,16087,0,2026-01,入金済み,,rt2回目,,
DEAL-20260419-8MYY,2025-08-25,佐々木,,三宅防災株式会社,人材開発,提案,決定,16087,0,1,1,1,16087,0,16087,0,2025-12,入金済み,,rt1回目,,
DEAL-20260419-3SNL,2025-08-25,佐々木,,三宅防災株式会社,リスキリング,提案,決定,400000,280000,1,1,1,400000,280000,120000,0,2025-10,入金済み,,rt1回目,,
DEAL-20260419-L9YX,2025-09-04,佐々木,,株式会社根本総業,保健室,提案,決定,7620,0,1,1,1,7620,0,7620,0,2025-12,入金済み,,,,
DEAL-20260419-202S,2025-09-24,佐々木,,株式会社トップレイン,人材開発,提案,決定,48262,0,1,1,1,48262,0,48262,0,2026-04,入金済み,,rt,,
DEAL-20260419-3QW5,2025-09-24,佐々木,,株式会社トップレイン,人材開発,提案,決定,48262,0,1,1,1,48262,0,48262,0,2026-03,入金済み,,rt2回目初期,,
DEAL-20260419-9XXI,2025-09-24,佐々木,,株式会社トップレイン,人材開発,提案,決定,48262,0,1,1,1,48262,0,48262,0,2026-02,入金済み,,rt,,
DEAL-20260419-LF7Q,2025-09-24,佐々木,,株式会社トップレイン,リスキリング,提案,決定,3600000,2520000,1,1,1,3600000,2520000,1080000,0,2026-01,入金済み,,rt,,
DEAL-20260419-STFV,2025-10-21,佐々木,,株式会社リレックス,人材開発,提案,決定,80437,0,1,1,1,80437,0,80437,0,2026-02,入金済み,,rt初期3回目,,
DEAL-20260419-LXUG,2025-10-21,佐々木,,株式会社リレックス,人材開発,提案,決定,160875,0,1,1,1,160875,0,160875,0,2026-01,入金済み,,rt初期1回目、2回目,,
DEAL-20260419-SB9Q,2025-10-21,佐々木,,株式会社リレックス,リスキリング,提案,決定,6000000,4200000,1,1,1,6000000,4200000,1800000,0,2025-11,入金済み,,rt,,
DEAL-20260419-JT0K,2025-10-22,佐々木,,ｴｰ･ﾌｧｸﾄﾘｰ社労士法人,IT導入,提案,決定,3500000,5730000,1,1,1,3500000,5730000,-2230000,0,2025-11,入金済み,,,,
DEAL-20260419-HBTT,2025-10-22,佐々木,,ｴｰ･ﾌｧｸﾄﾘｰ社労士法人,IT導入,提案,決定,1100000,0,1,1,1,1100000,0,1100000,0,2025-11,入金済み,,,,
DEAL-20260419-U3PR,2025-10-22,佐々木,,ｴｰ･ﾌｧｸﾄﾘｰ社労士法人,IT導入,提案,決定,2630000,0,1,1,1,2630000,0,2630000,0,2025-11,入金済み,,,,
DEAL-20260419-V7JZ,2025-11-01,佐々木,,株式会社ウィンテック,人材開発,提案,決定,16087,0,1,1,1,16087,0,16087,0,2026-04,入金済み,,rt,,
DEAL-20260419-P4F7,2025-11-01,佐々木,,株式会社ウィンテック,人材開発,提案,決定,16087,0,1,1,1,16087,0,16087,0,2026-03,入金済み,,rt,,
DEAL-20260419-P0R0,2025-11-01,佐々木,,株式会社ウィンテック,人材開発,提案,決定,16087,0,1,1,1,16087,0,16087,0,2026-02,入金済み,,rt,,
DEAL-20260419-DZK0,2025-11-01,佐々木,,株式会社ウィンテック,リスキリング,提案,決定,400000,280000,1,1,1,400000,280000,120000,0,2025-12,入金済み,,rt,,
DEAL-20260419-E9Z5,2025-11-01,佐々木,,株式会社ウィンテック,リスキリング,提案,決定,400000,280000,1,1,1,400000,280000,120000,0,2025-12,入金済み,,rt,,
DEAL-20260419-CS51,2025-11-01,佐々木,,株式会社ウィンテック,リスキリング,提案,決定,400000,280000,1,1,1,400000,280000,120000,0,2025-12,入金済み,,rt,,
DEAL-20260419-MKNI,2025-11-02,佐々木,,福元洋食店,リスキリング,提案,決定,800000,560000,1,1,1,800000,560000,240000,0,2026-04,入金済み,,1600000,,
DEAL-20260419-K4AS,2025-11-02,佐々木,,福元洋食店,人材開発,提案,決定,32175,0,1,1,1,32175,0,32175,0,2026-04,入金済み,,オアシス2回目,,
DEAL-20260419-1850,2025-11-02,佐々木,,福元洋食店,リスキリング,提案,決定,800000,560000,1,1,1,800000,560000,240000,0,2026-02,入金済み,,オアシス2回目,,
DEAL-20260419-TWDQ,2025-11-02,佐々木,,福元洋食店,リスキリング,提案,決定,800000,560000,1,1,1,800000,560000,240000,0,2026-01,入金済み,,オアシス1回目,,
DEAL-20260419-K0AW,2025-11-02,佐々木,,福元洋食店,人材開発,提案,決定,32175,0,1,1,1,32175,0,32175,0,2026-03,入金済み,,オアシス1回目,,
DEAL-20260419-8QEB,2025-11-17,佐々木,,株式会社ルミナス,人材開発,提案,決定,32175,0,1,1,1,32175,0,32175,0,2026-04,入金済み,,rt初期3回目,,
DEAL-20260419-1719,2025-11-17,佐々木,,株式会社ルミナス,人材開発,提案,決定,32175,0,1,1,1,32175,0,32175,0,2026-03,入金済み,,rt初期2回目,,
DEAL-20260419-9BCM,2025-11-17,佐々木,,株式会社ルミナス,人材開発,提案,決定,32175,0,1,1,1,32175,0,32175,0,2026-02,入金済み,,rt初期1回目,,
DEAL-20260419-402R,2025-11-17,佐々木,,株式会社ルミナス,リスキリング,提案,決定,2400000,0,1,1,1,2400000,0,2400000,0,2025-12,入金済み,,rt,,
DEAL-20260419-FNIT,2025-12-26,佐々木,,8GEAR株式会社,人材開発,提案,決定,32175,0,1,1,1,32175,0,32175,0,2026-04,入金済み,,ｵｱｼｽ初期2回目,,
DEAL-20260419-5FIQ,2025-12-26,佐々木,,株式会社一栄②,リスキリング,提案,決定,1200000,0,1,1,1,1200000,0,1200000,0,2026-01,入金済み,,,,
DEAL-20260419-RXS3,2025-12-26,佐々木,,8GEAR株式会社,リスキリング,提案,決定,800000,560000,1,1,1,800000,560000,240000,0,2026-01,入金済み,,ｵｱｼｽ初期3回目,,
DEAL-20260419-6WRX,2025-12-26,佐々木,,8GEAR株式会社,リスキリング,提案,決定,800000,560000,1,1,1,800000,560000,240000,0,2026-01,入金済み,,ｵｱｼｽ初期1回目,,
DEAL-20260419-ST5L,2025-12-26,佐々木,,8GEAR株式会社,リスキリング,提案,決定,800000,560000,1,1,1,800000,560000,240000,0,2026-01,入金済み,,ｵｱｼｽ初期2回目,,
DEAL-20260419-6OWI,2025-12-26,佐々木,,株式会社一栄②,人材開発,提案,決定,16087,0,1,1,1,16087,0,16087,0,2026-03,入金済み,,1回目初期,,
DEAL-20260419-IJPN,2025-12-26,佐々木,,8GEAR株式会社,人材開発,提案,決定,32175,0,1,1,1,32175,0,32175,0,2026-03,入金済み,,ｵｱｼｽ初期1回目,,
DEAL-20260419-73M6,2026-01-08,佐々木,,株式会社リレーション,人材開発,提案,決定,64350,0,1,1,1,64350,0,64350,0,2026-02,入金済み,,rt成功3回目,,
DEAL-20260419-6VX5,2026-01-08,佐々木,,株式会社リレーション,人材開発,提案,決定,128700,0,1,1,1,128700,0,128700,0,2026-01,入金済み,,rt,,
DEAL-20260419-189Z,2026-01-08,佐々木,,株式会社white-label-works,キャリアアップ,提案,決定,42900,0,1,1,1,42900,0,42900,0,2026-02,入金済み,,,,
DEAL-20260419-GUQW,2026-01-08,佐々木,,coba環境システム,キャリアアップ,提案,決定,64350,0,1,1,1,64350,0,64350,0,2026-01,入金済み,,,,
DEAL-20260419-1IEV,2026-01-08,佐々木,,ＴｒｅｅＴｏｐ　合同会社,その他,提案,決定,10725,0,1,1,1,10725,0,10725,0,2026-01,入金済み,,"社会保険加入　１名分　,消費税",,
DEAL-20260419-QDHU,2026-02-03,佐々木,,株式会社Ｋ―ＬＵＸ,リスキリング,提案,決定,1200000,840000,1,1,1,1200000,840000,360000,0,2026-03,入金済み,,2400000,,
DEAL-20260419-7NQM,2026-02-03,佐々木,,株式会社Ｋ―ＬＵＸ,人材開発,提案,決定,32175,0,1,1,1,32175,0,32175,0,2026-03,入金済み,,成功報酬1回目,,
DEAL-20260419-CYGS,2026-03-06,佐々木,,株式会社ＳＥＮ　ＴＥＣ,人材開発,提案,決定,80437,0,1,1,1,80437,0,80437,0,2026-03,入金済み,,rt成功,,
DEAL-20260419-KHL6,2026-03-07,佐々木,,FLOW,人材開発,提案,決定,64350,0,1,1,1,64350,0,64350,0,2026-03,入金済み,,3回目初期,,
DEAL-20260419-8RQX,2026-03-08,佐々木,,株式会社一栄②,人材開発,提案,決定,16087,0,1,1,1,16087,0,16087,0,2026-04,入金済み,,2回目初期,,
DEAL-20260419-ECB9,2026-03-11,佐々木,,株式会社Ｋ―ＬＵＸ,人材開発,提案,決定,32175,0,1,1,1,32175,0,32175,0,2026-04,入金済み,,成功報酬2回目,,
DEAL-20260419-N5L4,2026-03-13,佐々木,,株式会社ＬｅａｄＡｒｒｏｗ②,リスキリング,提案,決定,400000,280000,1,1,1,400000,280000,120000,0,2026-04,入金済み,,800000,,
DEAL-20260419-X0IA,2026-03-13,佐々木,,株式会社ＬｅａｄＡｒｒｏｗ②,リスキリング,提案,決定,400000,280000,1,1,1,400000,280000,120000,0,2026-04,入金済み,,800000,,
DEAL-20260419-5EUM,2026-03-13,佐々木,,株式会社ＬｅａｄＡｒｒｏｗ②,リスキリング,提案,決定,400000,280000,1,1,1,400000,280000,120000,0,2026-04,入金済み,,800000,,
DEAL-20260419-6AMY,2026-03-13,佐々木,,株式会社vitamine,リスキリング,提案,決定,1200000,0,1,1,1,1200000,0,1200000,0,2026-03,入金済み,,2400000,,
DEAL-20260419-XNT4,2026-03-13,佐々木,,株式会社vitamine,リスキリング,提案,決定,1200000,0,1,1,1,1200000,0,1200000,0,2026-03,入金済み,,2400000,,
DEAL-20260419-GDVE,2026-03-13,佐々木,,株式会社vitamine,リスキリング,提案,決定,1200000,0,1,1,1,1200000,0,1200000,0,2026-03,入金済み,,2800000,,
DEAL-20260419-X4DL,2026-03-19,佐々木,,株式会社壱心,リスキリング,提案,決定,2000000,1400000,1,1,1,2000000,1400000,600000,0,2026-03,入金済み,,4000000,,
DEAL-20260419-LGGI,2026-03-19,佐々木,,株式会社壱心,リスキリング,提案,決定,2000000,1400000,1,1,1,2000000,1400000,600000,0,2026-03,入金済み,,4000000,,
DEAL-20260419-QMFJ,2026-03-19,佐々木,,株式会社壱心,リスキリング,提案,決定,2000000,1400000,1,1,1,2000000,1400000,600000,0,2026-03,入金済み,,4000000,,
DEAL-20260419-DJKZ,2026-03-26,佐々木,,株式会社泰裕トラスト,リスキリング,提案,決定,1600000,1120000,1,1,1,1600000,1120000,480000,0,2026-04,入金済み,,3200000,,
DEAL-20260419-E9YX,2026-03-26,佐々木,,株式会社泰裕トラスト,リスキリング,提案,決定,1600000,1120000,1,1,1,1600000,1120000,480000,0,2026-04,入金済み,,3200000,,
DEAL-20260419-031H,2026-03-26,佐々木,,株式会社泰裕トラスト,リスキリング,提案,決定,1600000,1120000,1,1,1,1600000,1120000,480000,0,2026-04,入金済み,,3200000,,
DEAL-20260419-0QR7,2026-03-26,佐々木,,中村電工株式会社,人材開発,提案,決定,32175,0,1,1,1,32175,0,32175,0,2026-04,入金済み,,rt成功,,
DEAL-20260419-X6H1,2026-03-26,佐々木,,株式会社大雄工業,人材開発,提案,決定,32175,0,1,1,1,32175,0,32175,0,2026-04,入金済み,,rt成功3回目,,
DEAL-20260419-GNJ3,2022-09-26,鈴木,,懐刀株式会社,社労士顧問,提案,決定,110354,0,1,1,6,662125,0,662125,0,2025-08,入金済み,,顧問社労士に連絡済み,,
DEAL-20260419-C2JN,2023-04-17,鈴木,,懐刀株式会社,キャリアアップ,提案,決定,176000,4400,1,1,1,176000,4400,171600,0,2025-10,入金済み,,引継ぎで1名,,
DEAL-20260419-A8U4,2023-04-27,鈴木,,株式会社TieesPlan,社労士顧問,提案,決定,36312,0,1,1,8,290500,0,290500,0,2025-08,入金済み,,5/15ドキュサイン締結。4名／ほぼ確,,
DEAL-20260419-0K4E,2023-06-22,鈴木,,株式会社KISHIN GROUP HOLDINGS,社労士顧問,提案,決定,10375,0,1,1,8,83000,0,83000,0,2025-08,入金済み,,6/22口振依頼書受領,,
DEAL-20260419-J24Z,2023-06-22,鈴木,,株式会社クリーフ,社労士顧問,提案,決定,10375,0,1,1,8,83000,0,83000,0,2025-08,入金済み,,6/22口振依頼書受領,,
DEAL-20260419-96GR,2023-06-22,鈴木,,Tプラス株式会社,社労士顧問,提案,決定,10375,0,1,1,8,83000,0,83000,0,2025-08,入金済み,,6/22口振依頼書受領,,
DEAL-20260419-C1VX,2023-06-22,鈴木,,有限会社基信,社労士顧問,提案,決定,31125,0,1,1,8,249000,0,249000,0,2025-08,入金済み,,6/22口振依頼書受領,,
DEAL-20260419-U6OB,2023-06-22,鈴木,,株式会社KISHIN FARM,社労士顧問,提案,決定,10375,0,1,1,8,83000,0,83000,0,2025-08,入金済み,,6/22口振依頼書受領,,
DEAL-20260419-ZI4K,2023-06-22,鈴木,,株式会社三輝,社労士顧問,提案,決定,10375,0,1,1,8,83000,0,83000,0,2025-08,入金済み,,6/22口振依頼書受領,,
DEAL-20260419-TSG5,2024-03-07,鈴木,,株式会社CLOUD9,アツメル,提案,決定,17000,7000,1,1,7,119000,49000,70000,0,2025-08,入金済み,,八丁堀店5/1開始,,
DEAL-20260419-Q3A3,2024-03-27,鈴木,,株式会社IWASA,Time-R,提案,決定,18100,0,1,1,2,36200,0,36200,0,2025-08,入金済み,,,,
DEAL-20260419-TY5Y,2023-09-06,鈴木,,株式会社CAJON,社労士顧問,提案,決定,93375,0,1,1,8,747000,0,747000,0,2025-08,入金済み,,引継ぎ案件,,
DEAL-20260419-074K,2023-01-14,鈴木,,株式会社伸内装,社労士顧問,提案,決定,31125,0,1,1,8,249000,0,249000,0,2025-08,入金済み,,ドキュサイン締結済み／1/27 LINEにて追客→アポ取得,,
DEAL-20260419-5ASD,2023-11-27,鈴木,,懐刀株式会社,キャリアアップ,提案,決定,85800,0,1,1,1,85800,0,85800,0,2026-02,入金済み,,顧問,,
DEAL-20260419-GAST,2023-11-27,鈴木,,懐刀株式会社,キャリアアップ,提案,決定,42900,0,1,1,1,42900,0,42900,0,2026-04,入金済み,,顧問,,
DEAL-20260419-UI89,2023-12-04,鈴木,,株式会社IWASA,社労士顧問,提案,決定,38700,0,1,1,4,154800,0,154800,0,2025-08,入金済み,,久しぶり,,
DEAL-20260419-8ZZ5,2023-12-20,鈴木,,sharetree株式会社,社労士顧問,提案,決定,37770,0,1,1,7,264389,0,241289,0,2025-08,入金済み,,従業員3名,,
DEAL-20260419-U6WH,2024-01-18,鈴木,,スクエア企画（BUILD STEP株式会社）,社労士顧問,提案,決定,107722,0,1,1,9,969500,0,969500,0,2025-08,入金済み,,追加漏れ,,
DEAL-20260419-3LJ6,2024-02-09,鈴木,,株式会社ウラニワ,社労士顧問,提案,決定,31125,0,1,1,8,249000,0,249000,0,2025-08,入金済み,,消えていたので再掲,,
DEAL-20260419-4WUP,2024-02-19,鈴木,,株式会社puncheon,社労士顧問,提案,決定,42683,0,1,1,6,256100,0,256100,0,2025-08,入金済み,,,,
DEAL-20260419-M4CN,2024-03-08,鈴木,,株式会社FAITH,キャリアアップ,提案,決定,198000,4950,1,1,1,198000,4950,193050,0,2025-10,入金済み,,1名,,
DEAL-20260419-JWKZ,2024-03-13,鈴木,,慶城不動産,社労士顧問,提案,決定,10375,0,1,1,8,83000,0,83000,0,2025-08,入金済み,,キシン一味,,
DEAL-20260419-C0Q7,2023-11-13,鈴木,,村松建設株式会社,両立支援,提案,決定,102960,0,1,1,1,102960,0,102960,0,2026-01,入金済み,,BT案件、育休×1,,
DEAL-20260419-SF2A,2024-04-12,鈴木,,株式会社ODPセンター,社労士顧問,提案,決定,43357,0,1,1,7,303500,0,303500,0,2025-08,入金済み,,,,
DEAL-20260419-6UIR,2023-07-19,箕輪,,株式会社BeMessenger,社労士顧問,提案,決定,57420,0,1,1,5,287100,0,287100,0,2025-08,入金済み,,,,
DEAL-20260419-MZX8,2023-07-19,箕輪,,株式会社ダイレクトメッセンジャー,社労士顧問,提案,決定,42620,0,1,1,5,213100,0,213100,0,2025-08,入金済み,,,,
DEAL-20260419-N9U2,2023-03-05,箕輪,,合同会社アップス,社労士顧問,提案,決定,62333,0,1,1,6,374000,0,374000,0,2025-08,入金済み,,,,
DEAL-20260419-YMEN,2024-04-25,鈴木,,Spread株式会社,社労士顧問,提案,決定,39425,0,1,1,8,315400,0,315400,0,2025-08,入金済み,,特殊清掃,,
DEAL-20260419-NCSV,2024-05-01,鈴木,,株式会社グローバルコネクション,社労士顧問,提案,決定,156688,0,1,1,8,1253500,0,1253500,0,2025-08,入金済み,,5月から,,
DEAL-20260419-UOYL,2024-05-02,鈴木,,株式会社ヤマダ,両立支援,提案,決定,198000,4950,1,1,1,198000,4950,193050,0,2025-08,入金済み,,育休,,
DEAL-20260419-VNGU,2024-05-02,鈴木,,Spread株式会社,Time-R,提案,決定,1200,0,1,1,8,9600,0,9600,0,2025-08,入金済み,,,,
DEAL-20260419-AZFU,2024-05-07,鈴木,,株式会社グローバルコネクション,Time-R,提案,決定,1720,0,1,1,8,13760,0,13760,0,2025-08,入金済み,,,,
DEAL-20260419-FOIE,2024-05-20,鈴木,,株式会社スグル工業,社労士顧問,提案,決定,60225,1040,1,1,7,421574,7283,414291,0,2025-08,入金済み,,給与計算有、明細は郵送対応,,
DEAL-20260419-5ZVR,2024-05-29,鈴木,,カットトリック,Time-R,提案,決定,1200,0,1,1,8,9600,0,9600,0,2025-08,入金済み,,3名,,
DEAL-20260419-8AO5,2024-06-28,鈴木,,有限会社豊楽,社労士顧問,提案,決定,52743,0,1,1,7,369200,0,369200,0,2025-08,入金済み,,,,
DEAL-20260419-C6FR,,鈴木,,合同会社アポロン,人材開発,提案,決定,105300,0,1,1,1,105300,0,105300,0,2026-01,入金済み,,シンカ報酬 成功,,
DEAL-20260419-O6II,,鈴木,,株式会社MACRO,人材開発,提案,決定,409500,0,1,1,1,409500,0,409500,0,2026-02,入金済み,,シンカ報酬,,
DEAL-20260419-QWPM,2024-09-11,鈴木,,一般社団法人国際墨画会,社労士顧問,提案,決定,24900,0,1,1,8,199200,0,199200,0,2025-08,入金済み,,,,
DEAL-20260419-HTAM,2024-09-11,鈴木,,株式会社喜久屋水産,その他,提案,決定,193050,0,1,1,1,193050,0,193050,0,2026-01,入金済み,,魅力ある職場づくり推進奨励金,,
DEAL-20260419-LUYD,2024-09-26,鈴木,,有限会社STK,社労士顧問,提案,決定,23843,0,1,1,7,166900,0,166900,0,2025-08,入金済み,,HP流入,,
DEAL-20260419-0G8S,2024-10-16,鈴木,,エニー株式会社,人材開発,提案,B,1919250,0,1,1,1,1919250,0,1919250,0,2026-07,未入金,,リスキリング×5,,
DEAL-20260419-ZIXX,,鈴木,,株式会社ファーストフロンティア,人材開発,提案,決定,80437,0,1,1,1,80437,0,80437,0,2026-04,入金済み,,シンカ報酬,,
DEAL-20260419-HCA2,,鈴木,,合同会社HYT,人材開発,提案,決定,74250,1856,1,1,2,148500,3713,144787,0,2025-08,入金済み,,シンカ報酬,,
DEAL-20260419-FUWB,,鈴木,,株式会社ママプラ,人材開発,提案,決定,148500,3713,1,1,1,148500,3713,144787,0,2025-09,入金済み,,,,
DEAL-20260419-4FND,,鈴木,,株式会社アイ・ネクスト,人材開発,提案,決定,165000,4125,1,1,3,495000,12375,482625,0,2025-09,入金済み,,シンカ報酬,,
DEAL-20260419-FVK3,2024-12-13,鈴木,,懐刀株式会社,人材開発,提案,B,1740000,0,1,1,1,1740000,0,1740000,0,2026-05,未入金,,,,
DEAL-20260419-FW45,2024-12-13,鈴木,,株式会社puncheon,人材開発,提案,決定,3600000,2295000,1,1,1,3600000,2295000,1305000,0,2025-08,入金済み,,年末ごろ開始,,
DEAL-20260419-UUAR,2025-02-06,鈴木,,中嶋製作所,その他,提案,決定,442686,162420,1,1,1,442686,162420,280266,0,2025-11,入金済み,,利重先生の研修を営業でも実施したい（10月）,,
DEAL-20260419-S3KN,2025-02-12,鈴木,,有限会社豊楽,人材開発,提案,決定,100357,0,1,1,7,702500,0,702500,0,2025-08,入金済み,,ﾘｽｷﾘﾝｸﾞ直販1名（奨励金なし）,,
DEAL-20260419-CKI0,,鈴木,,有限会社篠崎自動車,人材開発,提案,決定,123750,3094,1,1,2,247500,6188,241312,0,2025-08,入金済み,,シンカ報酬,,
DEAL-20260419-62YU,,鈴木,,APPRECIATE株式会社,人材開発,提案,決定,132000,3300,1,1,1,132000,3300,128700,0,2025-08,入金済み,,シンカ報酬,,
DEAL-20260419-83YB,,鈴木,,株式会社ウラニワ,人材開発,提案,決定,3600000,2295000,1,1,1,3600000,2295000,1305000,0,2026-04,未入金,,3名,,
DEAL-20260419-OUJJ,,鈴木,,株式会社GevecK,人材開発,提案,決定,148500,3713,1,1,1,148500,3713,144787,0,2025-10,入金済み,,シンカ報酬,,
DEAL-20260419-PCEY,,鈴木,,山桂青果株式会社,人材開発,提案,決定,148500,3713,1,1,1,148500,3713,144787,0,2025-10,入金済み,,シンカ報酬,,
DEAL-20260419-LRI0,,鈴木,,株式会社深田環境開発工業,人材開発,提案,決定,33000,825,1,1,1,33000,825,32175,0,2025-08,入金済み,,シンカ報酬,,
DEAL-20260419-OEDP,,鈴木,,株式会社MACRO,IT導入,提案,決定,1100000,0,1,1,1,1100000,0,1100000,0,2025-09,入金済み,,あぷりん,,
DEAL-20260419-7JBP,2025-04-25,鈴木,,あす綜合法務事務所,IT導入,提案,決定,1100000,0,1,1,1,1100000,0,1100000,0,2025-10,入金済み,,あぷりん,,
DEAL-20260419-14WS,2025-04-28,鈴木,,株式会社WAON,IT導入,提案,決定,1100000,200000,1,1,1,1100000,200000,900000,0,2025-10,入金済み,,あぷりん,,
DEAL-20260419-CGIG,2025-04-30,鈴木,,テレコムエージェンシー株式会社,社労士顧問,提案,決定,52296,554,1,1,9,470661,4989,465672,0,2025-08,入金済み,,松浦商事の後継,,
DEAL-20260419-HKCT,,鈴木,,スマートエイム株式会社,人材開発,提案,決定,74250,1856,1,1,2,148500,3713,144787,0,2025-08,入金済み,,シンカ報酬,,
DEAL-20260419-0L1I,,鈴木,,株式会社シュウコーポレーション,人材開発,提案,決定,74250,1856,1,1,2,148500,3713,144787,0,2025-10,入金済み,,シンカ報酬,,
DEAL-20260419-WYMV,2025-05-27,鈴木,,合同会社アポロン,アツメル,提案,決定,17000,7000,1,1,7,119000,49000,70000,0,2025-08,入金済み,,1拠点,,
DEAL-20260419-11I4,2025-06-03,鈴木,,株式会社マルセイテック,人材開発,提案,決定,33000,825,1,1,3,99000,2475,96525,0,2025-09,入金済み,,シンカ報酬,,
DEAL-20260419-FZA0,2025-06-03,鈴木,,株式会社マルセイテック,IT導入,提案,決定,1100000,0,1,1,1,1100000,0,1100000,0,2025-10,入金済み,,,,
DEAL-20260419-6TSI,2025-06-05,鈴木,,合同会社GCC,人材開発,提案,決定,1200000,840000,1,1,1,1200000,840000,360000,0,2025-08,入金済み,,はっぴー創研：70％×3名,,
DEAL-20260419-PL9D,,鈴木,,合同会社GCC,人材開発,提案,決定,1200000,840000,1,1,1,1200000,840000,360000,0,2025-09,入金済み,,,,
DEAL-20260419-HK09,,鈴木,,合同会社GCC,人材開発,提案,決定,1200000,840000,1,1,1,1200000,840000,360000,0,2025-10,入金済み,,,,
DEAL-20260419-0CFJ,,鈴木,,合同会社GCC,人材開発,提案,決定,49500,1238,1,1,3,148500,3714,144786,0,2025-09,入金済み,,,,
DEAL-20260419-K3FH,2025-06-05,鈴木,,株式会社MACRO,アツメル,提案,決定,57800,34000,1,1,7,404600,238000,166600,0,2025-09,入金済み,,4店舗,,
DEAL-20260419-9MPB,2025-06-16,鈴木,,マテリアコネクト,人材開発,提案,決定,49500,1238,1,1,2,99000,2475,96525,0,2025-09,入金済み,,シンカ報酬,,
DEAL-20260419-WOS3,2025-06-12,鈴木,,株式会社ダンクパートナーシステム,人材開発,提案,決定,10800000,6877000,1,1,1,10800000,6877000,3923000,0,2025-12,入金済み,,9名,,
DEAL-20260419-G8TR,2025-06-13,鈴木,,株式会社ダンクパートナーシステム,人材開発,提案,決定,222750,5569,1,1,2,445500,11138,434362,0,2025-11,入金済み,,シンカ報酬,,
DEAL-20260419-GEW1,2025-06-16,鈴木,,株式会社KAMCO,人材開発,提案,決定,49500,1238,1,1,3,148500,3714,144786,0,2025-09,入金済み,,シンカ報酬,,
DEAL-20260419-07WT,2025-06-25,鈴木,,株式会社ヒキダシ,社労士顧問,提案,決定,74617,1329,1,1,6,447700,7975,439725,0,2025-11,入金済み,,給与無し,,
DEAL-20260419-C8CG,2025-07-01,鈴木,,株式会社ホーデック,人材開発,提案,決定,99000,248,1,1,1,99000,248,98752,0,2025-10,入金済み,,小山内様,,
DEAL-20260419-KZJL,2025-07-02,鈴木,,株式会社ホーデック,人材開発,提案,決定,9652,0,1,1,1,9652,0,9652,0,2026-04,入金済み,,小山内様シンカ報酬,,
DEAL-20260419-D2QQ,2025-07-02,鈴木,,株式会社ママプラ,IT導入,提案,決定,1100000,0,1,1,1,1100000,0,1100000,0,2025-10,入金済み,,おかわり2回目（あぷりん）,,
DEAL-20260419-53DO,2025-07-02,鈴木,,株式会社square,社労士顧問,提案,決定,75350,0,1,1,2,150700,0,150700,0,2025-12,入金済み,,,,
DEAL-20260419-F2UF,2025-07-04,鈴木,,株式会社セキャン,人材開発,提案,決定,1200000,757000,1,1,1,1200000,757000,443000,0,2025-09,入金済み,,KAMCO紹介,,
DEAL-20260419-F09J,2025-07-04,鈴木,,株式会社セキャン,人材開発,提案,決定,24750,619,1,1,2,49500,1238,48262,0,2025-11,入金済み,,シンカ報酬,,
DEAL-20260419-ZBQN,2025-07-07,鈴木,,有限会社豊楽,アツメル,提案,決定,75000,35000,1,1,4,300000,140000,220000,0,2025-11,入金済み,,4店舗,,
DEAL-20260419-M2L0,2025-07-09,鈴木,,合同会社バグース,IT導入,提案,決定,1100000,0,1,1,1,1100000,0,1100000,0,2025-10,入金済み,,おかわり（あぷりん）（,,
DEAL-20260419-0N7B,2025-07-10,鈴木,,株式会社フットステップ,IT導入,提案,決定,1100000,200000,1,1,1,1100000,200000,900000,0,2025-11,入金済み,,おかわり（あぷりん）（,,
DEAL-20260419-K4YQ,2025-07-18,鈴木,,株式会社PLOWNOW,ドットサイン,提案,決定,30240,21168,1,1,1,30240,21168,9072,0,2025-08,入金済み,,更新,,
DEAL-20260419-ZCIL,2025-07-24,鈴木,,カマダ実業,人材開発,提案,決定,445500,11138,1,1,1,445500,11138,434362,0,2025-08,入金済み,,シンカ報酬,,
DEAL-20260419-JBZ2,2025-08-06,鈴木,,株式会社アイ・ネクスト,IT導入,提案,決定,1100000,0,1,1,1,1100000,0,1100000,0,2025-12,入金済み,,ツール確認中,,
DEAL-20260419-QY6R,2025-08-08,鈴木,,株式会社ETAMA,IT導入,提案,決定,1100000,0,1,1,1,1100000,0,1100000,0,2026-01,入金済み,,あぷりん,,
DEAL-20260419-RPDL,2025-08-12,鈴木,,株式会社ピースマイル,IT導入,提案,決定,1100000,200000,1,1,1,1100000,200000,900000,0,2025-11,入金済み,,あぷりん,,
DEAL-20260419-TK4R,2025-08-21,鈴木,,トモダチリミテッドパートナシップ,人材開発,提案,決定,8400000,5355000,1,1,1,8400000,5355000,3045000,0,2025-09,入金済み,,7名,,
DEAL-20260419-3G81,,鈴木,,トモダチリミテッドパートナシップ,人材開発,提案,決定,115500,2888,1,1,2,231000,5776,225224,0,2025-11,入金済み,,シンカ報酬,,
DEAL-20260419-46RI,,鈴木,,トモダチリミテッドパートナシップ,人材開発,提案,決定,112612,0,1,1,1,112612,0,112612,0,2026-01,入金済み,,,,
DEAL-20260419-5Y8M,,鈴木,,トモダチリミテッドパートナシップ,人材開発,提案,決定,112612,0,1,1,1,112612,0,112612,0,2026-02,入金済み,,,,
DEAL-20260419-TT1V,2025-08-22,鈴木,,合同会社バグース,アツメル,提案,決定,31167,12833,1,1,6,187000,77000,110000,0,2025-09,入金済み,,1店舗→2025/12から2店舗追加,,
DEAL-20260419-LSKB,2025-08-26,鈴木,,合同会社トゥルーポイント,IT導入,提案,決定,1100000,0,1,1,1,1100000,0,900000,0,2025-12,入金済み,,あぷりんでおかわり,,
DEAL-20260419-O0HA,2025-09-02,鈴木,,DX推進助成金,,提案,決定,1500000,0,1,1,1,1500000,0,1500000,0,2025-09,入金済み,,,,
DEAL-20260419-50WS,2025-09-04,鈴木,,有限会社灘浜フードサービス,IT導入,提案,決定,1100000,0,1,1,1,1100000,0,900000,0,2025-12,入金済み,,,,
DEAL-20260419-3KP6,2025-09-09,鈴木,,株式会社ウラニワ,その他,提案,決定,15000,0,1,1,5,75000,0,75000,0,2025-11,入金済み,,Beee,,
DEAL-20260419-ACLQ,2025-09-18,鈴木,,岡本モータース,IT導入,提案,決定,1100000,0,1,1,1,1100000,0,1100000,0,2026-02,入金済み,,おかわり,,
DEAL-20260419-3ZW5,2025-09-19,鈴木,,土井 孝行,IT導入,提案,決定,1100000,0,1,1,1,1100000,0,1100000,0,2026-02,入金済み,,おかわり,,
DEAL-20260419-Z1U3,2025-10-01,鈴木,,株式会社三丁目不動産,IT導入,提案,決定,1100000,0,1,1,1,1100000,0,1100000,0,2026-01,入金済み,,おかわり,,
DEAL-20260419-67G5,2025-10-01,鈴木,,来来亭 国母店（小笠原勇次）,IT導入,提案,決定,1100000,0,1,1,1,1100000,0,1100000,0,2026-01,入金済み,,おかわり,,
DEAL-20260419-SVVH,2025-10-03,鈴木,,株式会社カメリア,人材開発,提案,決定,3600000,2295000,1,1,1,3600000,2295000,1305000,0,2025-11,入金済み,,KAMCO 3名,,
DEAL-20260419-P3LB,,,,株式会社カメリア,人材開発,提案,決定,47025,0,1,1,1,47025,0,47025,0,2026-01,入金済み,,シンカ報酬,,
DEAL-20260419-5YD0,,,,株式会社カメリア,人材開発,提案,決定,49500,0,1,1,1,49500,0,49500,0,2026-01,入金済み,,シンカ報酬,,
DEAL-20260419-3VZD,,,,株式会社カメリア,人材開発,提案,決定,48262,0,1,1,1,48262,0,48262,0,2026-02,入金済み,,シンカ報酬,,
DEAL-20260419-2XHC,2025-10-03,鈴木,,旨味カンパニー,IT導入,提案,決定,1100000,0,1,1,1,1100000,0,1100000,0,2025-11,入金済み,,,,
DEAL-20260419-YAUR,2025-10-23,鈴木,,株式会社阿部,人材開発,提案,決定,1200000,842000,1,1,1,1200000,842000,358000,0,2025-10,入金済み,,KAMCO,,
DEAL-20260419-ZYUL,,鈴木,,株式会社阿部,人材開発,提案,決定,32175,0,1,1,1,32175,0,32175,0,2026-01,入金済み,,シンカ報酬,,
DEAL-20260419-0OK1,,鈴木,,株式会社阿部,人材開発,提案,決定,16087,0,1,1,1,16087,0,16087,0,2026-02,入金済み,,シンカ報酬,,
DEAL-20260419-Q49X,2025-10-30,鈴木,,合同会社アポロン,IT導入,提案,決定,1000000,0,1,1,1,1000000,0,900000,0,2025-12,入金済み,,,,
DEAL-20260419-209G,2025-11-06,鈴木,,株式会社Any,IT導入,提案,決定,1100000,0,1,1,1,1100000,0,1100000,0,2026-02,入金済み,,,,
DEAL-20260419-T5XG,2025-11-10,鈴木,,江戸川区まつもと整形外科,社労士顧問,提案,決定,45660,404,1,1,6,273962,2426,271536,0,2025-11,入金済み,,開業支援から,,
DEAL-20260419-YRHV,2025-11-11,鈴木,,株式会社BBG,IT導入,提案,決定,1100000,0,1,1,1,1100000,0,1100000,0,2026-02,入金済み,,,,
DEAL-20260419-PLA0,2025-12-11,鈴木,,株式会社TieesPlan,キャリアアップ,提案,決定,44000,1100,1,1,1,44000,1100,42900,0,2025-12,入金済み,,,,
DEAL-20260419-83ZE,2025-12-11,鈴木,,株式会社ODPセンター,キャリアアップ,提案,決定,53500,825,1,1,2,107000,1650,105350,0,2025-12,入金済み,,,,
DEAL-20260419-X0KO,2025-12-11,鈴木,,未来ホーム,IT導入,提案,決定,1100000,0,1,1,1,1100000,0,1100000,0,2026-02,入金済み,,,,
DEAL-20260419-PE0Y,2025-12-22,鈴木,,有限会社ケイフーズ,人材開発,提案,決定,3600000,2295000,1,1,1,3600000,2295000,1305000,0,2026-04,入金済み,,,,
DEAL-20260419-FJ88,2025-12-22,鈴木,,灘浜フードサービス,人材開発,提案,決定,3600000,2295000,1,1,1,3600000,2295000,1305000,0,2026-04,入金済み,,,,
DEAL-20260419-IPGZ,2025-12-22,鈴木,,未来ホーム,人材開発,提案,決定,4800000,3060000,1,1,1,4800000,3060000,1740000,0,2026-04,未入金,,,,
DEAL-20260419-A4T3,2025-12-22,鈴木,,株式会社SORA,人材開発,提案,決定,800000,560000,1,1,1,800000,560000,240000,0,2026-03,入金済み,,1回目,,
DEAL-20260419-2XMQ,2025-12-22,鈴木,,株式会社SORA,人材開発,提案,決定,800000,560000,1,1,1,800000,560000,240000,0,2026-03,入金済み,,2回目,,
DEAL-20260419-VPKZ,2025-12-22,鈴木,,株式会社SORA,人材開発,提案,決定,800000,560000,1,1,1,800000,560000,240000,0,2026-03,入金済み,,3回目,,
DEAL-20260419-1DUJ,2025-12-22,鈴木,,株式会社SORAコミュニケーションズ,人材開発,提案,決定,800000,560000,1,1,1,800000,560000,240000,0,2026-03,入金済み,,1回目,,
DEAL-20260419-PM39,2025-12-22,鈴木,,株式会社SORAコミュニケーションズ,人材開発,提案,決定,800000,560000,1,1,1,800000,560000,240000,0,2026-03,入金済み,,2回目,,
DEAL-20260419-D1T3,2025-12-22,鈴木,,株式会社SORAコミュニケーションズ,人材開発,提案,決定,800000,560000,1,1,1,800000,560000,240000,0,2026-03,入金済み,,3回目,,
DEAL-20260419-EHYR,2025-12-22,鈴木,,大手町ARTクリニック,人材開発,提案,決定,2310000,1445500,1,1,2,4620000,2891000,1729000,0,2026-01,入金済み,,定額13名,,
DEAL-20260419-47I3,2025-12-22,鈴木,,株式会社灘浜フードサービス,業務改善,提案,決定,740025,0,1,1,1,740025,0,740025,0,2026-01,入金済み,,花も実も成功報酬,,
DEAL-20260419-6HLV,2025-12-22,鈴木,,株式会社BeMessenger,キャリアアップ,提案,決定,85800,0,1,1,1,85800,0,85800,0,2026-01,入金済み,,成功報酬,,
DEAL-20260419-FT4R,2026-01-20,鈴木,,株式会社TINGALA,人材開発,提案,C,3600000,2295000,1,1,1,3600000,2295000,1305000,0,2026-04,未入金,,大塚さん,,
DEAL-20260419-82PR,2026-01-20,鈴木,,株式会社Any,人材開発,提案,決定,4000000,2267000,1,1,1,4000000,2267000,1733000,0,2026-04,入金済み,,澤井さん,,
DEAL-20260419-WFQU,2026-01-21,鈴木,,ダンク・パートナーシステム,人材開発,提案,決定,12000000,8000000,1,1,1,12000000,8000000,4000000,0,2026-07,未入金,,おかわり,,
DEAL-20260419-7YKQ,2026-01-22,鈴木,,パルコンサルタンツ株式会社,ビジネスタンク,提案,B,12000000,7650000,1,1,1,12000000,7650000,4350000,0,2026-06,未入金,,公認会計士,,
DEAL-20260419-VEME,2026-02-12,鈴木,,懐刀株式会社,,提案,決定,10000,0,1,1,1,10000,0,10000,0,2026-04,未入金,,,,
DEAL-20260419-VVPD,2026-02-26,鈴木,,エニー株式会社,その他,提案,決定,3600,0,1,1,1,3600,0,3600,0,2026-03,入金済み,,,,
DEAL-20260419-VD2W,2026-03-05,鈴木,,株式会社ホーデック,人材開発,提案,決定,7200000,4800000,1,1,1,7200000,4800000,2400000,0,2026-06,未入金,,,,
DEAL-20260419-NSNX,2026-03-09,鈴木,,株式会社WAON,人材開発,提案,決定,3600000,2400000,1,1,1,3600000,2400000,1200000,0,2026-04,入金済み,,,,
DEAL-20260419-A00M,2026-03-09,鈴木,,株式会社ホーデック,人材確保,提案,決定,85800,0,1,1,1,85800,0,85800,0,2026-03,入金済み,,,,
DEAL-20260419-EGIJ,2026-03-09,鈴木,,株式会社ＳＯＲＡ,人材開発,提案,決定,32175,0,1,1,1,32175,0,32175,0,2026-03,入金済み,,,,
DEAL-20260419-ZPV3,2026-03-09,鈴木,,株式会社ＳＯＲＡ,人材開発,提案,決定,64350,0,1,1,1,64350,0,64350,0,2026-03,入金済み,,,,
DEAL-20260419-HTW3,2026-03-09,鈴木,,株式会社ＳＯＲＡコミュニケーションズ,人材開発,提案,決定,96525,0,1,1,1,96525,0,96525,0,2026-03,入金済み,,,,
DEAL-20260419-NIPY,2026-03-10,鈴木,,株式会社テクトサービス,社労士顧問,提案,決定,107250,0,1,1,2,214500,0,214500,0,2026-03,入金済み,,,,
DEAL-20260419-DJM3,2026-03-10,鈴木,,株式会社すかいすと,社労士顧問,提案,決定,62000,0,1,1,2,124000,0,124000,0,2026-03,入金済み,,,,
DEAL-20260419-XIKU,2026-03-10,鈴木,,株式会社ママプラ,人材開発,提案,決定,3600000,2400000,1,1,1,3600000,2400000,1200000,0,2026-04,入金済み,,,,
DEAL-20260419-NIKU,2026-03-10,鈴木,,株式会社ファーストフロンティア,人材開発,提案,決定,8400000,5600000,1,1,1,8400000,5600000,2800000,0,2026-07,未入金,,,,
DEAL-20260419-O16A,2026-03-10,鈴木,,カマダ実業株式会社,人材開発,提案,決定,13200000,8800000,1,1,1,13200000,8800000,4400000,0,2026-05,未入金,,,,
DEAL-20260419-IGSZ,2026-03-10,鈴木,,株式会社マルセイテック,人材開発,提案,決定,2400000,1600000,1,1,1,2400000,1600000,800000,0,2026-06,未入金,,,,
DEAL-20260419-LY0V,2026-03-10,鈴木,,株式会社ETAMA,人材開発,提案,決定,4800000,3200000,1,1,1,4800000,3200000,1600000,0,2026-05,未入金,,,,
DEAL-20260419-05SC,2026-03-11,鈴木,,株式会社ヒキダシ,人材開発,提案,決定,4800000,3200000,1,1,1,4800000,3200000,1600000,0,2026-05,未入金,,,,
DEAL-20260419-3K8E,2026-03-17,鈴木,,株式会社福重企画,AIO,提案,A,1080000,0,1,1,1,1080000,0,1080000,0,2026-05,未入金,,,,
DEAL-20260419-LR9D,2026-03-17,鈴木,,トモダチリミテッドパートナシップ,人材開発,提案,決定,8400000,5600000,1,1,1,8400000,5600000,2800000,0,2026-07,未入金,,,,
DEAL-20260419-BSE7,2026-03-17,鈴木,,株式会社コーシン,人材開発,提案,決定,2400000,1600000,1,1,1,2400000,1600000,800000,0,2026-05,未入金,,,,
DEAL-20260419-SZPL,2026-04-09,鈴木,,株式会社TieesPlan,人材開発,提案,決定,53625,0,1,1,1,53625,0,53625,0,2026-04,入金済み,,,,
DEAL-20260419-RBUB,2026-04-09,鈴木,,株式会社伸内装,両立支援,提案,決定,53625,0,1,1,1,53625,0,53625,0,2026-04,入金済み,,,,
DEAL-20260419-I7OH,2026-04-09,鈴木,,大手町ARTクリニック,人材開発,提案,決定,140400,0,1,1,1,140400,0,140400,0,2026-04,入金済み,,,,
DEAL-20260419-THRX,2026-04-09,鈴木,,合同会社ツーリバーズ,キャリアアップ,提案,決定,160875,0,1,1,1,160875,0,160875,0,2026-04,入金済み,,,,
DEAL-20260419-QO8S,2026-04-09,鈴木,,ライズ・ステージ株式会社,その他,提案,決定,5362,0,1,1,1,5362,0,5362,0,2026-04,入金済み,,,,
DEAL-20260419-D32D,2022-10-24,坂井竜世,,ブリストジョナス,社労士顧問,提案,決定,32588,0,1,1,2,65175,0,65175,0,2025-08,入金済み,,7名,,
DEAL-20260419-EDMN,2022-10-24,坂井竜世,,ブリストジョナス,キャリアアップ,提案,決定,80850,0,1,1,2,161700,0,161700,0,2025-08,入金済み,,,,
DEAL-20260419-3B74,2022-12-12,坂井竜世,,株式会社ixi,社労士顧問,提案,決定,50741,0,1,1,8,405927,0,405927,0,2025-08,入金済み,,出勤簿貰う,,
DEAL-20260419-UVWW,2023-01-16,坂井竜世,,株式会社クリネスト,社労士顧問,提案,決定,58056,0,1,1,9,522500,0,522500,0,2025-08,入金済み,,締結済み,,
DEAL-20260419-8GOD,2023-07-04,坂井竜世,,株式会社ICCI,社労士顧問,提案,決定,42167,0,1,1,3,126500,0,126500,0,2025-08,入金済み,,,,
DEAL-20260419-L4SN,2023-08-21,坂井竜世,,株式会社一宝,社労士顧問,提案,決定,63594,0,1,1,4,254375,0,254375,0,2025-08,入金済み,,,,
DEAL-20260419-7814,2023-08-22,坂井竜世,,Weltreise株式会社,社労士顧問,提案,決定,44000,0,1,1,1,44000,0,44000,0,2025-08,入金済み,,,,
DEAL-20260419-FRQE,2023-09-26,坂井竜世,,株式会社結ホールディングス,その他,提案,決定,48262,0,1,1,1,48262,0,48262,0,2025-08,入金済み,,65歳,,
DEAL-20260419-RIVI,2023-11-29,坂井竜世,,株式会社Clelia,社労士顧問,提案,決定,22956,0,1,1,8,183644,0,183644,0,2025-08,入金済み,,,,
DEAL-20260419-AUCG,2024-01-15,坂井竜世,,株式会社i-three,IT導入,提案,決定,500000,0,1,1,1,500000,0,500000,0,2025-08,入金済み,,,,
DEAL-20260419-YNXT,2024-02-07,坂井竜世,,株式会社CANAE,社労士顧問,提案,決定,44859,0,1,1,8,358875,0,358875,0,2025-08,入金済み,,,,
DEAL-20260419-401V,2024-02-13,坂井竜世,,facet edge株式会社,社労士顧問,提案,決定,38133,0,1,1,3,114400,0,114400,0,2025-08,入金済み,,,,
DEAL-20260419-M8WT,2024-03-05,坂井竜世,,合同会社M.N.H,社労士顧問,提案,決定,23100,0,1,1,8,184800,0,184800,0,2025-08,入金済み,,,,
DEAL-20260419-QGZ1,2024-04-12,坂井竜世,,室内工業株式会社,社労士顧問,提案,決定,26400,0,1,1,9,237600,0,237600,0,2025-08,入金済み,,掘り起こし,,
DEAL-20260419-7HS3,2024-04-12,坂井竜世,,株式会社城北エステート,社労士顧問,提案,決定,22000,0,1,1,9,198000,0,198000,0,2025-08,入金済み,,IT、リスキリング、保険,,
DEAL-20260419-HGLU,2024-04-12,坂井竜世,,株式会社ライフイン24GROUP,社労士顧問,提案,決定,33244,0,1,1,9,299200,0,299200,0,2025-08,入金済み,,掘り起こし,,
DEAL-20260419-52TD,2024-04-12,坂井竜世,,株式会社イー・エー・ユー,社労士顧問,提案,決定,39600,0,1,1,9,356400,0,356400,0,2025-08,入金済み,,掘り起こし,,
DEAL-20260419-SJX4,2024-04-16,坂井竜世,,株式会社CANAE,その他,提案,決定,29494,0,1,1,1,29494,0,29494,0,2026-01,入金済み,,東京都介護休業,,
DEAL-20260419-66BO,2024-05-01,坂井竜世,,株式会社T.Familia,社労士顧問,提案,決定,43267,0,1,1,9,389400,0,389400,0,2025-08,入金済み,,アポ取り,,
DEAL-20260419-NSCZ,2024-06-18,坂井竜世,,株式会社SIパートナーズ,社労士顧問,提案,決定,25422,0,1,1,9,228800,0,228800,0,2025-08,入金済み,,リスキリング代理店,,
DEAL-20260419-88EC,2024-06-18,坂井竜世,,株式会社ARCH,社労士顧問,提案,決定,24811,0,1,1,9,223300,0,223300,0,2025-08,入金済み,,リスキリング代理店,,
DEAL-20260419-B8X4,2024-07-04,坂井竜世,,株式会社SUNTURY,社労士顧問,提案,決定,26400,0,1,1,1,26400,0,26400,0,2025-08,入金済み,,,,
DEAL-20260419-KWTI,2024-07-09,坂井竜世,,株式会社河内,両立支援,提案,決定,131917,0,1,1,1,131917,0,131917,0,2026-01,入金済み,,SENにストレスチェック、健診代理,,
DEAL-20260419-KSY7,2024-07-18,坂井竜世,,株式会社North Win Diamond,社労士顧問,提案,決定,24200,0,1,1,3,72600,0,72600,0,2025-08,入金済み,,保健室,,
DEAL-20260419-OXGZ,2024-08-09,坂井竜世,,GMSC合同会社,社労士顧問,提案,決定,122283,0,1,1,6,733700,0,733700,0,2025-08,入金済み,,ヒアリング,,
DEAL-20260419-MZNU,2024-08-09,坂井竜世,,UBCLINIC,社労士顧問,提案,決定,98540,0,1,1,5,492700,0,492700,0,2025-08,入金済み,,ヒアリング,,
DEAL-20260419-9JR6,2024-08-09,坂井竜世,,合同会社クロス,社労士顧問,提案,決定,25263,0,1,1,9,227368,0,227368,0,2025-08,入金済み,,状況確認,,
DEAL-20260419-WON3,2024-10-18,坂井竜世,,Volante株式会社,社労士顧問,提案,決定,23100,0,1,1,3,69300,0,69300,0,2025-08,入金済み,,保健室,,
DEAL-20260419-G24A,2024-10-22,坂井竜世,,UBクリニック錦糸町,社労士顧問,提案,決定,52580,0,1,1,5,262900,0,262900,0,2025-08,入金済み,,アポ取り、meo、インフルエンサー,,
DEAL-20260419-4QAP,2024-10-28,坂井竜世,,株式会社鳥恵,人材開発,提案,決定,96525,0,1,1,4,386100,0,386100,0,2025-09,入金済み,,シンカ,,
DEAL-20260419-VS6T,2024-10-28,坂井竜世,,株式会社東西総合医療研究所,人材開発,提案,決定,4800000,3057000,1,1,1,4800000,3057000,1743000,0,2025-08,入金済み,,,,
DEAL-20260419-MUAG,2024-10-28,坂井竜世,,株式会社東西総合医療研究所,人材開発,提案,決定,64350,0,1,1,2,128700,0,128700,0,2025-10,入金済み,,シンカ,,
DEAL-20260419-5ERZ,2024-11-07,坂井竜世,,株式会社ワールドビジョン,人材開発,提案,決定,48262,0,1,1,2,96525,0,96525,0,2025-09,入金済み,,シンカ,,
DEAL-20260419-5UIN,2024-11-07,坂井竜世,,株式会社ワールドビジョントランスポート,人材開発,提案,決定,128700,0,1,1,1,128700,0,128700,0,2025-10,入金済み,,シンカ,,
DEAL-20260419-CZ7I,2024-11-20,坂井竜世,,株式会社TRAD,人材開発,提案,決定,120656,0,1,1,2,241312,0,241312,0,2025-08,入金済み,,シンカ,,
DEAL-20260419-JV4X,2024-11-21,坂井竜世,,経堂整体院MIKATA,社労士顧問,提案,決定,25142,0,1,1,8,201134,0,201134,0,2025-08,入金済み,,ネオキャリアあり、TELAS,,
DEAL-20260419-L5X0,2024-12-04,坂井竜世,,齋田炉材株式会社,人材開発,提案,決定,98474,0,1,1,2,196949,0,196949,0,2026-03,入金済み,,シンカ報酬,,
DEAL-20260419-K6BW,2024-12-13,坂井竜世,,ききょう家,人材開発,提案,決定,64350,0,1,1,3,193050,0,193050,0,2025-09,入金済み,,シンカ報酬,,
DEAL-20260419-ABAJ,2025-01-17,坂井竜世,,株式会社DREAMS FOOD COMPANY,人材開発,提案,決定,1200000,765000,1,1,1,1200000,765000,435000,0,2025-09,入金済み,,追加1名　赤字,,
DEAL-20260419-L5ZC,2025-01-17,坂井竜世,,株式会社DREAMS FOOD COMPANY,人材開発,提案,決定,107250,0,1,1,3,321749,0,321749,0,2025-10,入金済み,,シンカ,,
DEAL-20260419-K61V,2025-01-22,坂井竜世,,総務省,その他,提案,決定,74452,63452,1,1,1,74452,63452,11000,0,2025-09,入金済み,,9月メンタルヘルス研修,,
DEAL-20260419-L9NQ,2025-01-22,坂井竜世,,総務省,その他,提案,決定,61252,50252,1,1,1,61252,50252,11000,0,2025-11,入金済み,,10月メンタルヘルス研修,,
DEAL-20260419-4OO5,2025-01-29,坂井竜世,,人事院東北事務局,その他,提案,決定,55550,44980,1,1,1,55550,44980,10570,0,2025-09,入金済み,,7/28マネジメント能力向上研修,,
DEAL-20260419-T7OF,2025-01-30,坂井竜世,,株式会社エムケー,人材開発,提案,決定,96525,0,1,1,1,96525,0,96525,0,2025-12,入金済み,,SENにアプローチ,,
DEAL-20260419-AJ9N,2025-02-03,坂井竜世,,有限会社ダンデライオン,IT導入,提案,決定,1100000,0,1,1,1,1100000,0,1100000,0,2026-01,入金済み,,,,
DEAL-20260419-FKA8,2025-02-05,坂井竜世,,株式会社アイル,人材開発,提案,決定,81412,0,1,1,2,162824,0,162824,0,2026-02,入金済み,,シンカ報酬,,
DEAL-20260419-PQ43,2025-02-14,坂井竜世,,人事院関東事務局,その他,提案,決定,71040,50980,1,1,1,71040,50980,20060,0,2025-09,入金済み,,令和7年8月28日,,
DEAL-20260419-6S9M,2025-02-14,坂井竜世,,人事院関東事務局,その他,提案,決定,45790,36980,1,1,1,45790,36980,8810,0,2025-11,入金済み,,令和7年11月5日,,
DEAL-20260419-7GTS,2025-02-14,坂井竜世,,人事院関東事務局,その他,提案,決定,71040,46340,1,1,1,71040,46340,24700,0,2026-02,入金済み,,令和8年1月29日,,
DEAL-20260419-U9YR,2025-04-23,坂井竜世,,大阪高等裁判所,その他,提案,決定,126500,107720,1,1,1,126500,107720,18780,0,2025-08,入金済み,,7月研修,,
DEAL-20260419-KQDA,2025-05-20,坂井竜世,,UBCLINIC,人材開発,提案,決定,315000,0,1,1,1,315000,0,315000,0,2025-08,入金済み,,,,
DEAL-20260419-PZSX,2025-05-20,坂井竜世,,UBCLINIC,人材開発,提案,決定,420000,0,1,1,3,1260000,0,1260000,0,2025-09,入金済み,,,,
DEAL-20260419-BABP,2025-05-28,坂井竜世,,GMSC合同会社,働き方,提案,決定,53625,0,1,1,1,53625,0,53625,0,2026-02,入金済み,,,,
DEAL-20260419-DT0B,2025-06-03,坂井竜世,,UBCLINIC,働き方,提案,決定,26812,0,1,1,1,26812,0,26812,0,2026-03,入金済み,,,,
DEAL-20260419-CYF7,2025-06-10,坂井竜世,,株式会社Blue Juice,IT導入,提案,決定,1100000,0,1,1,1,1100000,0,1100000,0,2025-11,入金済み,,,,
DEAL-20260419-OPXQ,2025-06-10,坂井竜世,,株式会社愛幸堂,IT導入,提案,決定,1100000,0,1,1,1,1100000,0,1100000,0,2025-10,入金済み,,,,
DEAL-20260419-1T5V,2025-06-13,坂井竜世,,株式会社ワールドビジョン,IT導入,提案,決定,1100000,0,1,1,1,1100000,0,1100000,0,2025-11,入金済み,,,,
DEAL-20260419-BVK8,2025-06-20,坂井竜世,,株式会社ネットジャパン,IT導入,提案,決定,1100000,0,1,1,1,1100000,0,1100000,0,2025-10,入金済み,,,,
DEAL-20260419-FAWZ,2025-06-20,坂井竜世,,株式会社ネットジャパン,人材開発,提案,決定,6000000,3821000,1,1,1,6000000,3821000,2179000,0,2025-09,入金済み,,赤字,,
DEAL-20260419-J3R4,2025-06-20,坂井竜世,,株式会社ネットジャパン,人材開発,提案,決定,80437,0,1,1,3,241311,0,241311,0,2025-10,入金済み,,シンカ,,
DEAL-20260419-63MQ,2025-06-24,坂井竜世,,株式会社ニュータウンエステート,IT導入,提案,決定,1100000,0,1,1,1,1100000,0,1100000,0,2025-12,入金済み,,MEO,,
DEAL-20260419-HAM7,2025-06-25,坂井竜世,,株式会社TRAD,IT導入,提案,決定,1100000,0,1,1,1,1100000,0,1100000,0,2025-10,入金済み,,顧問、設備投資、新店舗確認,,
DEAL-20260419-2HS3,2025-07-29,坂井竜世,,株式会社FANTOM,人材開発,提案,決定,3600000,2063000,1,1,1,3600000,2063000,1537000,0,2025-10,入金済み,,井出社長,,
DEAL-20260419-RF06,2025-07-29,坂井竜世,,株式会社FANTOM,人材開発,提案,決定,48262,0,1,1,3,144786,0,144786,0,2025-11,入金済み,,シンカ,,
DEAL-20260419-FHVB,2025-07-30,坂井竜世,,株式会社アバンセ,IT導入,提案,決定,1100000,0,1,1,1,1100000,0,1100000,0,2025-10,入金済み,,ビジネスタンク,,
DEAL-20260419-K7TF,2025-08-12,坂井竜世,,株式会社東西総合医療研究所,キャリアアップ,提案,決定,128700,0,1,1,1,128700,0,128700,0,2025-11,入金済み,,,,
DEAL-20260419-2TUE,2025-08-22,坂井竜世,,株式会社レキオス,人材開発,提案,決定,437982,0,1,1,2,875964,0,875964,0,2025-12,入金済み,,66名,,
DEAL-20260419-PSOA,2025-08-22,坂井竜世,,株式会社レキオスアセットマネジメント,人材開発,提案,決定,192446,0,1,1,2,384892,0,384892,0,2025-12,入金済み,,29名,,
DEAL-20260419-H0M2,2025-08-22,坂井竜世,,株式会社レキオスホーム,人材開発,提案,決定,19908,0,1,1,2,39816,0,39816,0,2025-12,入金済み,,3名,,
DEAL-20260419-PWPA,2025-08-22,坂井竜世,,レキオス少額短期保険株式会社,人材開発,提案,決定,39816,0,1,1,2,79633,0,79633,0,2025-12,入金済み,,6名,,
DEAL-20260419-MZMO,2025-08-22,坂井竜世,,株式会社ビージーエム沖縄,人材開発,提案,決定,39816,0,1,1,2,79633,0,79633,0,2025-12,入金済み,,6名,,
DEAL-20260419-8K2C,2025-08-22,坂井竜世,,株式会社クレスト,人材開発,提案,決定,132722,0,1,1,2,265443,0,265443,0,2025-12,入金済み,,20名,,
DEAL-20260419-MS88,2025-09-02,坂井竜世,,有限会社ダンデライオン,人材開発,提案,決定,4800000,3520000,1,1,1,4800000,3520000,1280000,0,2025-10,入金済み,,井出社長,,
DEAL-20260419-3ZL4,2025-09-02,坂井竜世,,有限会社ダンデライオン,人材開発,提案,決定,64350,0,1,1,3,193050,0,193050,0,2025-12,入金済み,,シンカ,,
DEAL-20260419-FD5S,2025-09-05,坂井竜世,,株式会社ライフォ,IT導入,提案,決定,1100000,0,1,1,1,1100000,0,1100000,0,2026-01,入金済み,,バンジャス,,
DEAL-20260419-7KNF,2025-09-08,坂井竜世,,株式会社愛幸堂,人材開発,提案,決定,6000000,3806000,1,1,1,6000000,3806000,2194000,0,2025-12,入金済み,,,,
DEAL-20260419-USKK,2025-09-08,坂井竜世,,株式会社愛幸堂,人材開発,提案,決定,80437,0,1,1,2,160874,0,160874,0,2026-03,入金済み,,シンカ,,
DEAL-20260419-982R,2025-09-11,坂井竜世,,株式会社FANTOM,業務改善,提案,決定,147684,0,1,1,1,147684,0,147684,0,2025-12,入金済み,,,,
DEAL-20260419-AV2Q,2025-09-12,坂井竜世,,株式会社ビスト,IT導入,提案,決定,1100000,0,1,1,1,1100000,0,1100000,0,2025-11,入金済み,,ビジネスタンク紹介,,
DEAL-20260419-MQ81,2025-09-16,坂井竜世,,株式会社Canae,その他,提案,決定,14960,0,1,1,5,74800,0,74800,0,2025-10,入金済み,,Beee,,
DEAL-20260419-BM91,2025-09-18,坂井竜世,,ききょう家,IT導入,提案,決定,1100000,0,1,1,1,1100000,0,1100000,0,2026-02,入金済み,,,,
DEAL-20260419-KBW8,2025-09-19,坂井竜世,,大阪高等裁判所,その他,提案,決定,82500,66000,1,1,1,82500,66000,16500,0,2025-12,入金済み,,11月研修,,
DEAL-20260419-0AFY,2025-09-30,坂井竜世,,アルー株式会社,その他,提案,決定,7500,0,1,1,1,7500,0,7500,0,2025-09,入金済み,,,,
DEAL-20260419-RXJL,2025-10-02,坂井竜世,,株式会社クリネスト,IT導入,提案,決定,1100000,0,1,1,1,1100000,0,1100000,0,2026-01,入金済み,,,,
DEAL-20260419-0C5O,2025-10-07,坂井竜世,,株式会社スリアロプロダクツ,人材開発,提案,決定,105000,0,1,1,1,105000,0,105000,0,2025-10,入金済み,,,,
DEAL-20260419-L6Y4,2025-10-08,坂井竜世,,GMSC合同会社,キャリアアップ,提案,決定,321750,0,1,1,1,321750,0,321750,0,2025-10,入金済み,,,,
DEAL-20260419-3O1F,2025-10-07,坂井竜世,,株式会社アバンセ,人材開発,提案,決定,2400000,1523000,1,1,1,2400000,1523000,877000,0,2025-12,入金済み,,,,
DEAL-20260419-EH0P,2025-10-07,坂井竜世,,株式会社アバンセ,人材開発,提案,決定,32175,0,1,1,2,64350,0,64350,0,2026-03,入金済み,,シンカ,,
DEAL-20260419-UW9R,2025-10-20,坂井竜世,,合同会社M.N.H,IT導入,提案,決定,1100000,0,1,1,1,1100000,0,1100000,0,2026-02,入金済み,,,,
DEAL-20260419-SC09,2025-10-22,坂井竜世,,株式会社Canae,人材開発,提案,決定,105000,0,1,1,1,105000,0,105000,0,2025-11,入金済み,,,,
DEAL-20260419-FOB5,2025-10-22,坂井竜世,,株式会社鳥恵,IT導入,提案,決定,1100000,0,1,1,1,1100000,0,1100000,0,2026-02,入金済み,,,,
DEAL-20260419-U8HJ,2025-10-23,坂井竜世,,株式会社KEY-DO,人材開発,提案,決定,3600000,2284000,1,1,1,3600000,2284000,1316000,0,2026-01,入金済み,,,,
DEAL-20260419-HM85,2025-10-23,坂井竜世,,株式会社KEY-DO,人材開発,提案,決定,48262,0,1,1,2,96524,0,96524,0,2026-03,入金済み,,シンカ,,
DEAL-20260419-VAXD,2025-10-27,坂井竜世,,株式会社スリアロプロダクツ,人材開発,提案,決定,315000,0,1,1,1,315000,0,315000,0,2025-10,入金済み,,,,
DEAL-20260419-CX0S,2025-11-06,坂井竜世,,株式会社鳥恵,人材開発,提案,決定,2400000,1529000,1,1,1,2400000,1529000,871000,0,2025-12,入金済み,,,,
DEAL-20260419-BN44,2025-11-20,坂井竜世,,株式会社NK,IT導入,提案,決定,1100000,0,1,1,1,1100000,0,1100000,0,2026-02,入金済み,,,,
DEAL-20260419-K5FW,2025-11-25,坂井竜世,,株式会社HANAWA,人材開発,提案,決定,3200000,2560000,1,1,1,3200000,2560000,640000,0,2026-04,入金済み,,,,
DEAL-20260419-59FQ,2025-11-25,坂井竜世,,株式会社HANAWA,人材開発,提案,決定,3200000,2560000,1,1,1,3200000,2560000,640000,0,2026-04,入金済み,,,,
DEAL-20260419-C9GT,2025-11-25,坂井竜世,,株式会社HANAWA,人材開発,提案,決定,3200000,2560000,1,1,1,3200000,2560000,640000,0,2026-05,入金済み,,,,
DEAL-20260419-M8BO,2025-11-25,坂井竜世,,株式会社HANAWA,人材開発,提案,決定,112612,0,1,1,1,112612,0,112612,0,2026-04,入金済み,,シンカ,,
DEAL-20260419-EBTI,2025-11-25,坂井竜世,,オーパス北海道株式会社,人材開発,提案,決定,6600000,5280000,1,1,2,13200000,10560000,2640000,0,2026-06,入金済み,,,,
DEAL-20260419-GUUV,2025-12-09,坂井竜世,,株式会社喜楽縁,キャリアアップ,提案,決定,96525,0,1,1,2,193050,0,193050,0,2025-12,入金済み,,ヒアリングから,,
DEAL-20260419-MM4M,2025-12-09,坂井竜世,,株式会社SEED-TANK,その他,提案,決定,32776,0,1,1,1,32776,0,32776,0,2026-02,入金済み,,アツメル,,
DEAL-20260419-SVMT,2025-12-24,坂井竜世,,有限会社風間自動車販売,保健室,提案,決定,5500,0,1,1,6,33000,0,33000,0,2026-01,入金済み,,,,
DEAL-20260419-O335,2026-01-20,坂井竜世,,株式会社DREAMS FOOD COMPANY,人材開発,提案,決定,3600000,2323000,1,1,1,3600000,2323000,1277000,0,2026-03,入金済み,,リスキリング,,
DEAL-20260419-97TN,2026-02-06,坂井竜世,,有限会社さんかい,人材開発,提案,決定,24000000,19200000,1,1,1,24000000,19200000,4800000,0,2026-04,入金済み,,リスキリング,,
DEAL-20260419-GM2T,2026-02-06,坂井竜世,,合同会社Aarc,人材開発,提案,決定,13200000,10560000,1,1,1,13200000,10560000,2640000,0,2026-04,入金済み,,リスキリング,,
DEAL-20260419-3NBN,2026-02-06,坂井竜世,,株式会社エイミアブル,人材開発,提案,決定,3600000,2880000,1,1,1,3600000,2880000,720000,0,2026-04,入金済み,,リスキリング,,
DEAL-20260419-Q9XT,2026-02-06,坂井竜世,,アスリードコンサルティング株式会社,人材開発,提案,決定,2400000,1920000,1,1,1,2400000,1920000,480000,0,2026-04,入金済み,,リスキリング,,
DEAL-20260419-CC23,2026-02-13,坂井竜世,,株式会社NK,人材開発,提案,A,2400000,1600000,1,1,1,2400000,1600000,800000,0,2026-05,未入金,,リスキリング,,
DEAL-20260419-PED5,2026-02-13,坂井竜世,,株式会社鳥恵,人材開発,提案,決定,400000,267000,1,1,1,400000,267000,133000,0,2026-03,入金済み,,リスキリング,,
DEAL-20260419-MBN6,2026-02-25,坂井竜世,,株式会社sunny side parties,人材開発,提案,決定,4800000,3045000,1,1,1,4800000,3045000,1755000,0,2026-03,入金済み,,リスキリング,,
DEAL-20260419-15YO,2026-02-25,坂井竜世,,株式会社TRAD,人材開発,提案,決定,400000,267000,1,1,1,400000,267000,133000,0,2026-02,入金済み,,リスキリング,,
DEAL-20260419-MSFM,2026-02-26,坂井竜世,,総務省,その他,提案,決定,53156,0,1,1,1,53156,0,53156,0,2026-03,入金済み,,,,
DEAL-20260419-61KK,2026-03-03,坂井竜世,,総務省情報通信政策研究所,その他,提案,決定,232632,198000,1,1,1,232632,198000,34632,0,2026-06,入金済み,,ロジカルシンキング,,
DEAL-20260419-NCX1,2026-03-03,坂井竜世,,総務省情報通信政策研究所,その他,提案,決定,67916,56100,1,1,1,67916,56100,11816,0,2026-06,入金済み,,新任課長研修科,,
DEAL-20260419-U6BZ,2026-03-03,坂井竜世,,総務省情報通信政策研究所,その他,提案,決定,74516,62700,1,1,1,74516,62700,11816,0,2026-06,入金済み,,新任課長補佐研修科,,
DEAL-20260419-IDLV,2026-03-03,坂井竜世,,総務省情報通信政策研究所,その他,提案,決定,61316,49500,1,1,1,61316,49500,11816,0,2026-06,入金済み,,新任地方局係長研修科,,
DEAL-20260419-6PF8,2026-03-03,坂井竜世,,株式会社鳥恵,人材開発,提案,A,2400000,1600000,1,1,1,2400000,1600000,800000,0,2026-06,未入金,,リスキリング,,
DEAL-20260419-WSSA,2026-03-03,坂井竜世,,株式会社DREAMS FOOD COMPANY,人材開発,提案,A,4800000,3045000,1,1,1,4800000,3045000,1755000,0,2026-05,未入金,,リスキリング,,
DEAL-20260419-KWY7,2026-03-03,坂井竜世,,ききょう家,人材開発,提案,A,3600000,2400000,1,1,1,3600000,2400000,1200000,0,2026-05,未入金,,リスキリング,,
DEAL-20260419-L3GZ,2026-03-09,坂井竜世,,株式会社カエルエックス,両立支援,提案,決定,48262,0,1,1,1,48262,0,48262,0,2026-03,入金済み,,,,
DEAL-20260419-47BI,2026-03-09,坂井竜世,,学園前歯科,両立支援,提案,決定,48262,0,1,1,1,48262,0,48262,0,2026-03,入金済み,,,,
DEAL-20260419-I6KI,2026-03-11,坂井竜世,,株式会社東西総合医療研究所,人材開発,提案,決定,4800000,3200000,1,1,1,4800000,3200000,1600000,0,2026-04,入金済み,,リスキリング,,
DEAL-20260419-UPP2,2026-03-11,坂井竜世,,株式会社愉楽,人材開発,提案,A,1200000,800000,1,1,3,3600000,2400000,1200000,0,2026-05,未入金,,リスキリング,,
DEAL-20260419-D909,2026-03-12,坂井竜世,,Creation株式会社,人材開発,提案,A,6000000,4800000,1,1,1,6000000,4800000,1200000,0,2026-05,未入金,,リスキリング,,
DEAL-20260419-PXPJ,2026-03-11,坂井竜世,,株式会社ウェルフューチャーホールディングス,人材開発,提案,A,1200000,960000,1,1,1,1200000,960000,240000,0,2026-05,未入金,,リスキリング,,
DEAL-20260419-SQ0R,2026-03-11,坂井竜世,,株式会社オーテクノコーポレーション,人材開発,提案,決定,3630000,2446000,1,1,1,3630000,2446000,1184000,0,2026-05,入金済み,,リスキリング,,
DEAL-20260419-S96R,2026-03-19,坂井竜世,,株式会社クリアス,その他,提案,決定,22000,0,1,1,1,22000,0,22000,0,2026-03,入金済み,,DB,,
DEAL-20260419-AJ1W,2026-03-23,坂井竜世,,株式会社ワールドビジョン,人材開発,提案,決定,4800000,3200000,1,1,1,4800000,3200000,1600000,0,2026-04,入金済み,,リスキリング,,
DEAL-20260419-G4DR,2026-03-24,坂井竜世,,エイト株式会社,人材開発,提案,決定,1200000,960000,1,1,1,1200000,960000,240000,0,2026-04,入金済み,,リスキリング,,
DEAL-20260419-TGGW,2026-04-08,坂井竜世,,株式会社FANTOM,キャリアアップ,提案,決定,128700,0,1,1,1,128700,0,128700,0,2026-04,入金済み,,,,
